Vmeas,Imeas,name,substrate,position
1.2,-0.00069647,A1-1,1,1
1.187,-0.00069515,A1-1,1,1
1.174,-0.00061126,A1-1,1,1
1.161,-0.00052358,A1-1,1,1
1.148,-0.00044379,A1-1,1,1
1.135,-0.00038513,A1-1,1,1
1.122,-0.00031393,A1-1,1,1
1.109,-0.0002643,A1-1,1,1
1.096,-0.00021833,A1-1,1,1
1.083,-0.00017168,A1-1,1,1
1.07,-0.00012955,A1-1,1,1
1.057,-8.667e-05,A1-1,1,1
1.044,-4.794e-05,A1-1,1,1
1.031,-2.279e-05,A1-1,1,1
1.018,1.331e-05,A1-1,1,1
1.005,4.353e-05,A1-1,1,1
0.992,7.061e-05,A1-1,1,1
0.979,0.00010461,A1-1,1,1
0.966,0.00013284,A1-1,1,1
0.953,0.00016658,A1-1,1,1
0.94,0.00019666,A1-1,1,1
0.927,0.00022807,A1-1,1,1
0.914,0.00025867,A1-1,1,1
0.901,0.00029052,A1-1,1,1
0.888,0.00032614,A1-1,1,1
0.875,0.00035963,A1-1,1,1
0.862,0.00039377,A1-1,1,1
0.849,0.00042863,A1-1,1,1
0.836,0.00046396,A1-1,1,1
0.823,0.00050001,A1-1,1,1
0.81,0.00053395,A1-1,1,1
0.797,0.00056955,A1-1,1,1
0.784,0.00060054,A1-1,1,1
0.771,0.00063628,A1-1,1,1
0.758,0.00066906,A1-1,1,1
0.745,0.00070151,A1-1,1,1
0.732,0.00073399,A1-1,1,1
0.719,0.00076423,A1-1,1,1
0.706,0.00079623,A1-1,1,1
0.693,0.00082542,A1-1,1,1
0.68,0.00085453,A1-1,1,1
0.667,0.00088097,A1-1,1,1
0.654,0.00090785,A1-1,1,1
0.641,0.00093344,A1-1,1,1
0.628,0.00095876,A1-1,1,1
0.615,0.00098463,A1-1,1,1
0.602,0.00100642,A1-1,1,1
0.589,0.00102822,A1-1,1,1
0.576,0.00104897,A1-1,1,1
0.563,0.00104923,A1-1,1,1
0.55,0.00107227,A1-1,1,1
0.537,0.00109367,A1-1,1,1
0.524,0.00111392,A1-1,1,1
0.511,0.00113271,A1-1,1,1
0.498,0.00115044,A1-1,1,1
0.485,0.00116797,A1-1,1,1
0.472,0.00118314,A1-1,1,1
0.459,0.00119798,A1-1,1,1
0.446,0.00121308,A1-1,1,1
0.433,0.00122752,A1-1,1,1
0.42,0.00124128,A1-1,1,1
0.407,0.00125542,A1-1,1,1
0.394,0.00126624,A1-1,1,1
0.381,0.00127789,A1-1,1,1
0.368,0.00128979,A1-1,1,1
0.355,0.00130059,A1-1,1,1
0.342,0.00131162,A1-1,1,1
0.329,0.00132181,A1-1,1,1
0.316,0.00133002,A1-1,1,1
0.303,0.0013396,A1-1,1,1
0.29,0.00134925,A1-1,1,1
0.277,0.00135766,A1-1,1,1
0.264,0.00136537,A1-1,1,1
0.251,0.00137342,A1-1,1,1
0.238,0.00138021,A1-1,1,1
0.225,0.00138802,A1-1,1,1
0.212,0.00139501,A1-1,1,1
0.199,0.00140085,A1-1,1,1
0.186,0.00140708,A1-1,1,1
0.173,0.00141289,A1-1,1,1
0.16,0.00141811,A1-1,1,1
0.147,0.00142367,A1-1,1,1
0.134,0.00142813,A1-1,1,1
0.121,0.00143252,A1-1,1,1
0.108,0.00143673,A1-1,1,1
0.095,0.00144114,A1-1,1,1
0.082,0.0014449,A1-1,1,1
0.069,0.00144926,A1-1,1,1
0.056,0.00145259,A1-1,1,1
0.043,0.00145671,A1-1,1,1
0.03,0.0014594,A1-1,1,1
0.017,0.0014627,A1-1,1,1
0.004,0.00146522,A1-1,1,1
-0.009,0.00146814,A1-1,1,1
-0.022,0.00147041,A1-1,1,1
-0.035,0.00147289,A1-1,1,1
-0.048,0.00147519,A1-1,1,1
-0.061,0.00147815,A1-1,1,1
-0.074,0.00147967,A1-1,1,1
-0.087,0.00148161,A1-1,1,1
-0.1,0.00148361,A1-1,1,1
1.2,-0.00054231,A1-2,1,2
1.187,-0.00047047,A1-2,1,2
1.174,-0.00039896,A1-2,1,2
1.161,-0.00033048,A1-2,1,2
1.148,-0.00026513,A1-2,1,2
1.135,-0.00020468,A1-2,1,2
1.122,-0.00014829,A1-2,1,2
1.109,-9.592e-05,A1-2,1,2
1.096,-4.959e-05,A1-2,1,2
1.083,-5.52e-06,A1-2,1,2
1.07,3.673e-05,A1-2,1,2
1.057,7.297e-05,A1-2,1,2
1.044,0.0001084,A1-2,1,2
1.031,0.00014257,A1-2,1,2
1.018,0.00017501,A1-2,1,2
1.005,0.00020656,A1-2,1,2
0.992,0.00023757,A1-2,1,2
0.979,0.00026837,A1-2,1,2
0.966,0.00029957,A1-2,1,2
0.953,0.00033124,A1-2,1,2
0.94,0.00036282,A1-2,1,2
0.927,0.00039476,A1-2,1,2
0.914,0.00042742,A1-2,1,2
0.901,0.00046032,A1-2,1,2
0.888,0.00049323,A1-2,1,2
0.875,0.00052637,A1-2,1,2
0.862,0.00055935,A1-2,1,2
0.849,0.00059263,A1-2,1,2
0.836,0.00062556,A1-2,1,2
0.823,0.00065836,A1-2,1,2
0.81,0.0006907,A1-2,1,2
0.797,0.00072242,A1-2,1,2
0.784,0.00075366,A1-2,1,2
0.771,0.00078445,A1-2,1,2
0.758,0.00081438,A1-2,1,2
0.745,0.00084325,A1-2,1,2
0.732,0.00087225,A1-2,1,2
0.719,0.00089999,A1-2,1,2
0.706,0.00092321,A1-2,1,2
0.693,0.0009518,A1-2,1,2
0.68,0.00097758,A1-2,1,2
0.667,0.00100296,A1-2,1,2
0.654,0.00102714,A1-2,1,2
0.641,0.00104945,A1-2,1,2
0.628,0.0010579,A1-2,1,2
0.615,0.00108085,A1-2,1,2
0.602,0.00110364,A1-2,1,2
0.589,0.00112525,A1-2,1,2
0.576,0.00114606,A1-2,1,2
0.563,0.00116594,A1-2,1,2
0.55,0.00118531,A1-2,1,2
0.537,0.00120426,A1-2,1,2
0.524,0.00122222,A1-2,1,2
0.511,0.0012398,A1-2,1,2
0.498,0.00125694,A1-2,1,2
0.485,0.0012728,A1-2,1,2
0.472,0.00128824,A1-2,1,2
0.459,0.00130379,A1-2,1,2
0.446,0.00131883,A1-2,1,2
0.433,0.00133217,A1-2,1,2
0.42,0.00134646,A1-2,1,2
0.407,0.00135957,A1-2,1,2
0.394,0.00137243,A1-2,1,2
0.381,0.00138565,A1-2,1,2
0.368,0.00139745,A1-2,1,2
0.355,0.00140882,A1-2,1,2
0.342,0.00141981,A1-2,1,2
0.329,0.00143032,A1-2,1,2
0.316,0.00144084,A1-2,1,2
0.303,0.00145033,A1-2,1,2
0.29,0.00145985,A1-2,1,2
0.277,0.00146889,A1-2,1,2
0.264,0.00147663,A1-2,1,2
0.251,0.00148536,A1-2,1,2
0.238,0.00149239,A1-2,1,2
0.225,0.00149995,A1-2,1,2
0.212,0.00150639,A1-2,1,2
0.199,0.00151338,A1-2,1,2
0.186,0.00151935,A1-2,1,2
0.173,0.001525,A1-2,1,2
0.16,0.00153025,A1-2,1,2
0.147,0.00153522,A1-2,1,2
0.134,0.00154026,A1-2,1,2
0.121,0.00154449,A1-2,1,2
0.108,0.00154876,A1-2,1,2
0.095,0.00155294,A1-2,1,2
0.082,0.00155633,A1-2,1,2
0.069,0.00156042,A1-2,1,2
0.056,0.00156376,A1-2,1,2
0.043,0.0015668,A1-2,1,2
0.03,0.00156935,A1-2,1,2
0.017,0.00157251,A1-2,1,2
0.004,0.00157495,A1-2,1,2
-0.009,0.00158026,A1-2,1,2
-0.022,0.00158071,A1-2,1,2
-0.035,0.00158233,A1-2,1,2
-0.048,0.00158512,A1-2,1,2
-0.061,0.00158674,A1-2,1,2
-0.074,0.0015891,A1-2,1,2
-0.087,0.00159147,A1-2,1,2
-0.1,0.00159311,A1-2,1,2
1.2,-0.0006688,A1-3,1,3
1.187,-0.00059936,A1-3,1,3
1.174,-0.00052724,A1-3,1,3
1.161,-0.00045497,A1-3,1,3
1.148,-0.00038407,A1-3,1,3
1.135,-0.00031547,A1-3,1,3
1.122,-0.00024953,A1-3,1,3
1.109,-0.00018704,A1-3,1,3
1.096,-0.00012797,A1-3,1,3
1.083,-7.13e-05,A1-3,1,3
1.07,-1.851e-05,A1-3,1,3
1.057,3.179e-05,A1-3,1,3
1.044,7.955e-05,A1-3,1,3
1.031,0.00012216,A1-3,1,3
1.018,0.00016872,A1-3,1,3
1.005,0.00021255,A1-3,1,3
0.992,0.00025444,A1-3,1,3
0.979,0.00029506,A1-3,1,3
0.966,0.00033453,A1-3,1,3
0.953,0.00037266,A1-3,1,3
0.94,0.00040994,A1-3,1,3
0.927,0.00044636,A1-3,1,3
0.914,0.00048171,A1-3,1,3
0.901,0.00051658,A1-3,1,3
0.888,0.00055033,A1-3,1,3
0.875,0.00058352,A1-3,1,3
0.862,0.00061582,A1-3,1,3
0.849,0.00064719,A1-3,1,3
0.836,0.00067799,A1-3,1,3
0.823,0.00070826,A1-3,1,3
0.81,0.00073763,A1-3,1,3
0.797,0.00076581,A1-3,1,3
0.784,0.00079363,A1-3,1,3
0.771,0.00082059,A1-3,1,3
0.758,0.00084676,A1-3,1,3
0.745,0.00087261,A1-3,1,3
0.732,0.00089721,A1-3,1,3
0.719,0.0009212,A1-3,1,3
0.706,0.00094481,A1-3,1,3
0.693,0.00096724,A1-3,1,3
0.68,0.00098917,A1-3,1,3
0.667,0.00101106,A1-3,1,3
0.654,0.00103154,A1-3,1,3
0.641,0.00105006,A1-3,1,3
0.628,0.00105712,A1-3,1,3
0.615,0.00107658,A1-3,1,3
0.602,0.00109717,A1-3,1,3
0.589,0.00111671,A1-3,1,3
0.576,0.00113518,A1-3,1,3
0.563,0.00115302,A1-3,1,3
0.55,0.00117048,A1-3,1,3
0.537,0.00118755,A1-3,1,3
0.524,0.00120307,A1-3,1,3
0.511,0.00121923,A1-3,1,3
0.498,0.00123399,A1-3,1,3
0.485,0.00124933,A1-3,1,3
0.472,0.00126381,A1-3,1,3
0.459,0.00127808,A1-3,1,3
0.446,0.00129194,A1-3,1,3
0.433,0.0013048,A1-3,1,3
0.42,0.00131729,A1-3,1,3
0.407,0.00132989,A1-3,1,3
0.394,0.00134149,A1-3,1,3
0.381,0.00135327,A1-3,1,3
0.368,0.00136454,A1-3,1,3
0.355,0.00137502,A1-3,1,3
0.342,0.00138578,A1-3,1,3
0.329,0.00139417,A1-3,1,3
0.316,0.00140406,A1-3,1,3
0.303,0.00141311,A1-3,1,3
0.29,0.00142149,A1-3,1,3
0.277,0.00142963,A1-3,1,3
0.264,0.00143756,A1-3,1,3
0.251,0.00144423,A1-3,1,3
0.238,0.00145073,A1-3,1,3
0.225,0.00145731,A1-3,1,3
0.212,0.0014632,A1-3,1,3
0.199,0.00146866,A1-3,1,3
0.186,0.00147306,A1-3,1,3
0.173,0.00147821,A1-3,1,3
0.16,0.00148271,A1-3,1,3
0.147,0.00148713,A1-3,1,3
0.134,0.0014909,A1-3,1,3
0.121,0.00149407,A1-3,1,3
0.108,0.00149722,A1-3,1,3
0.095,0.00150087,A1-3,1,3
0.082,0.00150464,A1-3,1,3
0.069,0.0015074,A1-3,1,3
0.056,0.00150984,A1-3,1,3
0.043,0.00151196,A1-3,1,3
0.03,0.00151394,A1-3,1,3
0.017,0.00151569,A1-3,1,3
0.004,0.00151835,A1-3,1,3
-0.009,0.00152079,A1-3,1,3
-0.022,0.00152208,A1-3,1,3
-0.035,0.00152424,A1-3,1,3
-0.048,0.00152588,A1-3,1,3
-0.061,0.00152737,A1-3,1,3
-0.074,0.0015289,A1-3,1,3
-0.087,0.00153063,A1-3,1,3
-0.1,0.0015319,A1-3,1,3
1.2,-0.00056447,A1-4,1,4
1.187,-0.00048561,A1-4,1,4
1.174,-0.00040678,A1-4,1,4
1.161,-0.000331,A1-4,1,4
1.148,-0.0002596,A1-4,1,4
1.135,-0.00019356,A1-4,1,4
1.122,-0.00013312,A1-4,1,4
1.109,-7.734e-05,A1-4,1,4
1.096,-2.827e-05,A1-4,1,4
1.083,1.651e-05,A1-4,1,4
1.07,5.698e-05,A1-4,1,4
1.057,9.424e-05,A1-4,1,4
1.044,0.0001281,A1-4,1,4
1.031,0.00016263,A1-4,1,4
1.018,0.00019593,A1-4,1,4
1.005,0.00022793,A1-4,1,4
0.992,0.00025948,A1-4,1,4
0.979,0.00029074,A1-4,1,4
0.966,0.00032208,A1-4,1,4
0.953,0.0003535,A1-4,1,4
0.94,0.0003852,A1-4,1,4
0.927,0.00041655,A1-4,1,4
0.914,0.00044795,A1-4,1,4
0.901,0.00047943,A1-4,1,4
0.888,0.00051047,A1-4,1,4
0.875,0.00054145,A1-4,1,4
0.862,0.00057185,A1-4,1,4
0.849,0.0006021,A1-4,1,4
0.836,0.00063131,A1-4,1,4
0.823,0.0006603,A1-4,1,4
0.81,0.00068866,A1-4,1,4
0.797,0.00071576,A1-4,1,4
0.784,0.00074312,A1-4,1,4
0.771,0.00076979,A1-4,1,4
0.758,0.00079568,A1-4,1,4
0.745,0.00081986,A1-4,1,4
0.732,0.00084505,A1-4,1,4
0.719,0.00086853,A1-4,1,4
0.706,0.00089144,A1-4,1,4
0.693,0.00091404,A1-4,1,4
0.68,0.00093598,A1-4,1,4
0.667,0.00095686,A1-4,1,4
0.654,0.00097763,A1-4,1,4
0.641,0.00099792,A1-4,1,4
0.628,0.00101704,A1-4,1,4
0.615,0.00103633,A1-4,1,4
0.602,0.00105019,A1-4,1,4
0.589,0.00106392,A1-4,1,4
0.576,0.00107936,A1-4,1,4
0.563,0.00109625,A1-4,1,4
0.55,0.001113,A1-4,1,4
0.537,0.00112928,A1-4,1,4
0.524,0.00114406,A1-4,1,4
0.511,0.00115952,A1-4,1,4
0.498,0.00117366,A1-4,1,4
0.485,0.00118717,A1-4,1,4
0.472,0.00119981,A1-4,1,4
0.459,0.00121258,A1-4,1,4
0.446,0.00122465,A1-4,1,4
0.433,0.00123536,A1-4,1,4
0.42,0.00124562,A1-4,1,4
0.407,0.00125528,A1-4,1,4
0.394,0.00126458,A1-4,1,4
0.381,0.00127289,A1-4,1,4
0.368,0.00128132,A1-4,1,4
0.355,0.00128961,A1-4,1,4
0.342,0.00129668,A1-4,1,4
0.329,0.00130255,A1-4,1,4
0.316,0.00130952,A1-4,1,4
0.303,0.0013152,A1-4,1,4
0.29,0.00132073,A1-4,1,4
0.277,0.00132616,A1-4,1,4
0.264,0.00133131,A1-4,1,4
0.251,0.00133544,A1-4,1,4
0.238,0.00134006,A1-4,1,4
0.225,0.00134364,A1-4,1,4
0.212,0.00134746,A1-4,1,4
0.199,0.00135093,A1-4,1,4
0.186,0.00135478,A1-4,1,4
0.173,0.00135776,A1-4,1,4
0.16,0.00136098,A1-4,1,4
0.147,0.00136385,A1-4,1,4
0.134,0.00136692,A1-4,1,4
0.121,0.00136965,A1-4,1,4
0.108,0.00137164,A1-4,1,4
0.095,0.00137447,A1-4,1,4
0.082,0.00137676,A1-4,1,4
0.069,0.00137927,A1-4,1,4
0.056,0.00138093,A1-4,1,4
0.043,0.00138345,A1-4,1,4
0.03,0.00138559,A1-4,1,4
0.017,0.00138713,A1-4,1,4
0.004,0.0013893,A1-4,1,4
-0.009,0.00139246,A1-4,1,4
-0.022,0.00139328,A1-4,1,4
-0.035,0.00139472,A1-4,1,4
-0.048,0.00139749,A1-4,1,4
-0.061,0.00139816,A1-4,1,4
-0.074,0.00140007,A1-4,1,4
-0.087,0.00140223,A1-4,1,4
-0.1,0.00140368,A1-4,1,4
1.2,-0.00166941,A1-5,1,5
1.187,-0.00156038,A1-5,1,5
1.174,-0.00148944,A1-5,1,5
1.161,-0.0014441,A1-5,1,5
1.148,-0.00139896,A1-5,1,5
1.135,-0.00133746,A1-5,1,5
1.122,-0.00130085,A1-5,1,5
1.109,-0.00126845,A1-5,1,5
1.096,-0.00117788,A1-5,1,5
1.083,-0.0010866,A1-5,1,5
1.07,-0.00119848,A1-5,1,5
1.057,-0.00121152,A1-5,1,5
1.044,-0.00117614,A1-5,1,5
1.031,-0.00115028,A1-5,1,5
1.018,-0.00111487,A1-5,1,5
1.005,-0.00109012,A1-5,1,5
0.992,-0.00104301,A1-5,1,5
0.979,-0.00100337,A1-5,1,5
0.966,-0.00097071,A1-5,1,5
0.953,-0.00093223,A1-5,1,5
0.94,-0.00089905,A1-5,1,5
0.927,-0.00086022,A1-5,1,5
0.914,-0.00082375,A1-5,1,5
0.901,-0.0007818,A1-5,1,5
0.888,-0.00074448,A1-5,1,5
0.875,-0.0007104,A1-5,1,5
0.862,-0.00066813,A1-5,1,5
0.849,-0.00062841,A1-5,1,5
0.836,-0.00059108,A1-5,1,5
0.823,-0.00054866,A1-5,1,5
0.81,-0.00051386,A1-5,1,5
0.797,-0.00046855,A1-5,1,5
0.784,-0.00043192,A1-5,1,5
0.771,-0.00039144,A1-5,1,5
0.758,-0.00035743,A1-5,1,5
0.745,-0.00031198,A1-5,1,5
0.732,-0.00027061,A1-5,1,5
0.719,-0.0002319,A1-5,1,5
0.706,-0.00019288,A1-5,1,5
0.693,-0.00015087,A1-5,1,5
0.68,-0.00011331,A1-5,1,5
0.667,-9.073e-05,A1-5,1,5
0.654,-4.764e-05,A1-5,1,5
0.641,-6.455e-05,A1-5,1,5
0.628,-2.103e-05,A1-5,1,5
0.615,2.52e-05,A1-5,1,5
0.602,7.151e-05,A1-5,1,5
0.589,0.00010458,A1-5,1,5
0.576,0.00012931,A1-5,1,5
0.563,0.00017292,A1-5,1,5
0.55,0.00021114,A1-5,1,5
0.537,0.00024957,A1-5,1,5
0.524,0.00028169,A1-5,1,5
0.511,0.00031444,A1-5,1,5
0.498,0.00034745,A1-5,1,5
0.485,0.00038362,A1-5,1,5
0.472,0.00041688,A1-5,1,5
0.459,0.00045089,A1-5,1,5
0.446,0.00048285,A1-5,1,5
0.433,0.00051507,A1-5,1,5
0.42,0.00054543,A1-5,1,5
0.407,0.00057606,A1-5,1,5
0.394,0.00060774,A1-5,1,5
0.381,0.00063898,A1-5,1,5
0.368,0.00066619,A1-5,1,5
0.355,0.00069417,A1-5,1,5
0.342,0.00072322,A1-5,1,5
0.329,0.00075146,A1-5,1,5
0.316,0.00077792,A1-5,1,5
0.303,0.00080611,A1-5,1,5
0.29,0.00083435,A1-5,1,5
0.277,0.00086026,A1-5,1,5
0.264,0.00088745,A1-5,1,5
0.251,0.00091253,A1-5,1,5
0.238,0.00093773,A1-5,1,5
0.225,0.00096347,A1-5,1,5
0.212,0.00098778,A1-5,1,5
0.199,0.00101462,A1-5,1,5
0.186,0.00104569,A1-5,1,5
0.173,0.0010582,A1-5,1,5
0.16,0.00108086,A1-5,1,5
0.147,0.00110486,A1-5,1,5
0.134,0.00112858,A1-5,1,5
0.121,0.00115076,A1-5,1,5
0.108,0.00117266,A1-5,1,5
0.095,0.00119515,A1-5,1,5
0.082,0.00121665,A1-5,1,5
0.069,0.00123855,A1-5,1,5
0.056,0.00125938,A1-5,1,5
0.043,0.00127946,A1-5,1,5
0.03,0.00129907,A1-5,1,5
0.017,0.00131802,A1-5,1,5
0.004,0.00133795,A1-5,1,5
-0.009,0.00135495,A1-5,1,5
-0.022,0.00137217,A1-5,1,5
-0.035,0.00138967,A1-5,1,5
-0.048,0.00140553,A1-5,1,5
-0.061,0.00142164,A1-5,1,5
-0.074,0.00143629,A1-5,1,5
-0.087,0.00145103,A1-5,1,5
-0.1,0.00146469,A1-5,1,5
1.2,-0.000105,A3-1,3,1
1.187,-6.432e-05,A3-1,3,1
1.174,-5.464e-05,A3-1,3,1
1.161,-4.868e-05,A3-1,3,1
1.148,-4.506e-05,A3-1,3,1
1.135,-2.587e-05,A3-1,3,1
1.122,-1.868e-05,A3-1,3,1
1.109,-1.456e-05,A3-1,3,1
1.096,-1.076e-05,A3-1,3,1
1.083,-5.98e-06,A3-1,3,1
1.07,-7e-06,A3-1,3,1
1.057,-7.5e-06,A3-1,3,1
1.044,-2.12e-06,A3-1,3,1
1.031,-1.2e-07,A3-1,3,1
1.018,1.04e-06,A3-1,3,1
1.005,1.88e-06,A3-1,3,1
0.992,2.09e-06,A3-1,3,1
0.979,2.86e-06,A3-1,3,1
0.966,4.63e-06,A3-1,3,1
0.953,4.73e-06,A3-1,3,1
0.94,6.21e-06,A3-1,3,1
0.927,6.68e-06,A3-1,3,1
0.914,5.26e-06,A3-1,3,1
0.901,4.72e-06,A3-1,3,1
0.888,2.075e-05,A3-1,3,1
0.875,2.318e-05,A3-1,3,1
0.862,2.775e-05,A3-1,3,1
0.849,2.471e-05,A3-1,3,1
0.836,0.00010502,A3-1,3,1
0.823,0.00011998,A3-1,3,1
0.81,4.282e-05,A3-1,3,1
0.797,4.892e-05,A3-1,3,1
0.784,1.884e-05,A3-1,3,1
0.771,4.2e-07,A3-1,3,1
0.758,5.2e-07,A3-1,3,1
0.745,4.6e-07,A3-1,3,1
0.732,1.7e-07,A3-1,3,1
0.719,1.5e-07,A3-1,3,1
0.706,6.2e-07,A3-1,3,1
0.693,2e-07,A3-1,3,1
0.68,4.7e-07,A3-1,3,1
0.667,6.9e-07,A3-1,3,1
0.654,7e-07,A3-1,3,1
0.641,1.32e-06,A3-1,3,1
0.628,1.14e-06,A3-1,3,1
0.615,1.49e-06,A3-1,3,1
0.602,3.69e-06,A3-1,3,1
0.589,4.57e-06,A3-1,3,1
0.576,5.9e-06,A3-1,3,1
0.563,9.43e-06,A3-1,3,1
0.55,1.881e-05,A3-1,3,1
0.537,3.516e-05,A3-1,3,1
0.524,2.992e-05,A3-1,3,1
0.511,2.417e-05,A3-1,3,1
0.498,6.608e-05,A3-1,3,1
0.485,9.565e-05,A3-1,3,1
0.472,0.00021642,A3-1,3,1
0.459,0.00066631,A3-1,3,1
0.446,0.00078822,A3-1,3,1
0.433,0.00090561,A3-1,3,1
0.42,0.00094096,A3-1,3,1
0.407,0.00090857,A3-1,3,1
0.394,0.00088893,A3-1,3,1
0.381,0.00086409,A3-1,3,1
0.368,0.00082351,A3-1,3,1
0.355,0.00089751,A3-1,3,1
0.342,0.00095647,A3-1,3,1
0.329,0.00091325,A3-1,3,1
0.316,0.0009912,A3-1,3,1
0.303,0.00107487,A3-1,3,1
0.29,0.00092011,A3-1,3,1
0.277,0.00071729,A3-1,3,1
0.264,0.00118821,A3-1,3,1
0.251,0.00113293,A3-1,3,1
0.238,0.00104891,A3-1,3,1
0.225,0.00120156,A3-1,3,1
0.212,0.00111732,A3-1,3,1
0.199,0.00111034,A3-1,3,1
0.186,0.0011129,A3-1,3,1
0.173,0.00114236,A3-1,3,1
0.16,0.00110508,A3-1,3,1
0.147,0.00116384,A3-1,3,1
0.134,0.00126731,A3-1,3,1
0.121,0.00121776,A3-1,3,1
0.108,0.00119089,A3-1,3,1
0.095,0.00126673,A3-1,3,1
0.082,0.00128267,A3-1,3,1
0.069,0.00133587,A3-1,3,1
0.056,0.00138241,A3-1,3,1
0.043,0.00132338,A3-1,3,1
0.03,0.00132531,A3-1,3,1
0.017,0.00134947,A3-1,3,1
0.004,0.00131407,A3-1,3,1
-0.009,0.00138007,A3-1,3,1
-0.022,0.00134607,A3-1,3,1
-0.035,0.00132762,A3-1,3,1
-0.048,0.00139613,A3-1,3,1
-0.061,0.00138377,A3-1,3,1
-0.074,0.00137338,A3-1,3,1
-0.087,0.00140438,A3-1,3,1
-0.1,0.00140376,A3-1,3,1
1.2,-0.00089265,A3-2,3,2
1.187,-0.00082622,A3-2,3,2
1.174,-0.00075014,A3-2,3,2
1.161,-0.00067178,A3-2,3,2
1.148,-0.00059395,A3-2,3,2
1.135,-0.00051787,A3-2,3,2
1.122,-0.00044388,A3-2,3,2
1.109,-0.00037271,A3-2,3,2
1.096,-0.00030447,A3-2,3,2
1.083,-0.00023952,A3-2,3,2
1.07,-0.00017787,A3-2,3,2
1.057,-0.00011969,A3-2,3,2
1.044,-6.38e-05,A3-2,3,2
1.031,-1.372e-05,A3-2,3,2
1.018,3.367e-05,A3-2,3,2
1.005,7.785e-05,A3-2,3,2
0.992,0.00011555,A3-2,3,2
0.979,0.00015496,A3-2,3,2
0.966,0.00019091,A3-2,3,2
0.953,0.00022389,A3-2,3,2
0.94,0.00025442,A3-2,3,2
0.927,0.00028232,A3-2,3,2
0.914,0.00030968,A3-2,3,2
0.901,0.00033499,A3-2,3,2
0.888,0.00035909,A3-2,3,2
0.875,0.00038202,A3-2,3,2
0.862,0.00040416,A3-2,3,2
0.849,0.00042559,A3-2,3,2
0.836,0.00044644,A3-2,3,2
0.823,0.00046667,A3-2,3,2
0.81,0.00048598,A3-2,3,2
0.797,0.00050529,A3-2,3,2
0.784,0.00052426,A3-2,3,2
0.771,0.00054279,A3-2,3,2
0.758,0.00056091,A3-2,3,2
0.745,0.00057916,A3-2,3,2
0.732,0.0005968,A3-2,3,2
0.719,0.0006144,A3-2,3,2
0.706,0.00063139,A3-2,3,2
0.693,0.0006482,A3-2,3,2
0.68,0.00066508,A3-2,3,2
0.667,0.00068138,A3-2,3,2
0.654,0.00069754,A3-2,3,2
0.641,0.00071341,A3-2,3,2
0.628,0.00072886,A3-2,3,2
0.615,0.00074402,A3-2,3,2
0.602,0.00075894,A3-2,3,2
0.589,0.00077383,A3-2,3,2
0.576,0.00078858,A3-2,3,2
0.563,0.00080265,A3-2,3,2
0.55,0.00081699,A3-2,3,2
0.537,0.00083084,A3-2,3,2
0.524,0.00084439,A3-2,3,2
0.511,0.00085673,A3-2,3,2
0.498,0.00087063,A3-2,3,2
0.485,0.00088391,A3-2,3,2
0.472,0.00089633,A3-2,3,2
0.459,0.00090881,A3-2,3,2
0.446,0.00092083,A3-2,3,2
0.433,0.00093247,A3-2,3,2
0.42,0.00094375,A3-2,3,2
0.407,0.00095438,A3-2,3,2
0.394,0.00096533,A3-2,3,2
0.381,0.00097546,A3-2,3,2
0.368,0.00098553,A3-2,3,2
0.355,0.00099495,A3-2,3,2
0.342,0.00100407,A3-2,3,2
0.329,0.00101282,A3-2,3,2
0.316,0.00102084,A3-2,3,2
0.303,0.00102868,A3-2,3,2
0.29,0.00103589,A3-2,3,2
0.277,0.00104284,A3-2,3,2
0.264,0.00104928,A3-2,3,2
0.251,0.00105657,A3-2,3,2
0.238,0.00105896,A3-2,3,2
0.225,0.00106379,A3-2,3,2
0.212,0.00106875,A3-2,3,2
0.199,0.00107347,A3-2,3,2
0.186,0.00107772,A3-2,3,2
0.173,0.00108138,A3-2,3,2
0.16,0.00108559,A3-2,3,2
0.147,0.00108886,A3-2,3,2
0.134,0.00109247,A3-2,3,2
0.121,0.00109554,A3-2,3,2
0.108,0.00109829,A3-2,3,2
0.095,0.00110117,A3-2,3,2
0.082,0.0011035,A3-2,3,2
0.069,0.00110571,A3-2,3,2
0.056,0.00110787,A3-2,3,2
0.043,0.00111045,A3-2,3,2
0.03,0.00111225,A3-2,3,2
0.017,0.00111407,A3-2,3,2
0.004,0.00111569,A3-2,3,2
-0.009,0.00111763,A3-2,3,2
-0.022,0.00111902,A3-2,3,2
-0.035,0.00112034,A3-2,3,2
-0.048,0.00112224,A3-2,3,2
-0.061,0.00112356,A3-2,3,2
-0.074,0.00112495,A3-2,3,2
-0.087,0.00112639,A3-2,3,2
-0.1,0.00112746,A3-2,3,2
1.2,-0.00125082,A3-3,3,3
1.187,-0.00115705,A3-3,3,3
1.174,-0.00104857,A3-3,3,3
1.161,-0.00093571,A3-3,3,3
1.148,-0.00082653,A3-3,3,3
1.135,-0.00071665,A3-3,3,3
1.122,-0.00060937,A3-3,3,3
1.109,-0.00050666,A3-3,3,3
1.096,-0.00040845,A3-3,3,3
1.083,-0.00031526,A3-3,3,3
1.07,-0.00022753,A3-3,3,3
1.057,-0.00014537,A3-3,3,3
1.044,-6.705e-05,A3-3,3,3
1.031,2.33e-06,A3-3,3,3
1.018,6.59e-05,A3-3,3,3
1.005,0.0001232,A3-3,3,3
0.992,0.00017918,A3-3,3,3
0.979,0.00022972,A3-3,3,3
0.966,0.00027593,A3-3,3,3
0.953,0.00031799,A3-3,3,3
0.94,0.00035665,A3-3,3,3
0.927,0.00039331,A3-3,3,3
0.914,0.00042753,A3-3,3,3
0.901,0.00045983,A3-3,3,3
0.888,0.000491,A3-3,3,3
0.875,0.00052092,A3-3,3,3
0.862,0.00055003,A3-3,3,3
0.849,0.0005787,A3-3,3,3
0.836,0.00060673,A3-3,3,3
0.823,0.00063512,A3-3,3,3
0.81,0.00066245,A3-3,3,3
0.797,0.00068993,A3-3,3,3
0.784,0.00071684,A3-3,3,3
0.771,0.00074379,A3-3,3,3
0.758,0.00077058,A3-3,3,3
0.745,0.00079612,A3-3,3,3
0.732,0.00082375,A3-3,3,3
0.719,0.00085026,A3-3,3,3
0.706,0.00087656,A3-3,3,3
0.693,0.00090266,A3-3,3,3
0.68,0.00092876,A3-3,3,3
0.667,0.00095499,A3-3,3,3
0.654,0.00098071,A3-3,3,3
0.641,0.00100619,A3-3,3,3
0.628,0.00103208,A3-3,3,3
0.615,0.00105019,A3-3,3,3
0.602,0.00108198,A3-3,3,3
0.589,0.00109493,A3-3,3,3
0.576,0.00111851,A3-3,3,3
0.563,0.00114276,A3-3,3,3
0.55,0.00116647,A3-3,3,3
0.537,0.00119064,A3-3,3,3
0.524,0.00121392,A3-3,3,3
0.511,0.00123688,A3-3,3,3
0.498,0.00125989,A3-3,3,3
0.485,0.00128229,A3-3,3,3
0.472,0.00130441,A3-3,3,3
0.459,0.00132569,A3-3,3,3
0.446,0.00134664,A3-3,3,3
0.433,0.00136688,A3-3,3,3
0.42,0.00138703,A3-3,3,3
0.407,0.00140673,A3-3,3,3
0.394,0.00142511,A3-3,3,3
0.381,0.00144288,A3-3,3,3
0.368,0.00145973,A3-3,3,3
0.355,0.0014758,A3-3,3,3
0.342,0.00149088,A3-3,3,3
0.329,0.00150492,A3-3,3,3
0.316,0.00151853,A3-3,3,3
0.303,0.0015307,A3-3,3,3
0.29,0.00154211,A3-3,3,3
0.277,0.00155236,A3-3,3,3
0.264,0.00156208,A3-3,3,3
0.251,0.00157101,A3-3,3,3
0.238,0.00157862,A3-3,3,3
0.225,0.00158553,A3-3,3,3
0.212,0.00159224,A3-3,3,3
0.199,0.00159769,A3-3,3,3
0.186,0.0016026,A3-3,3,3
0.173,0.00160687,A3-3,3,3
0.16,0.00161137,A3-3,3,3
0.147,0.00161541,A3-3,3,3
0.134,0.0016183,A3-3,3,3
0.121,0.00162139,A3-3,3,3
0.108,0.00162378,A3-3,3,3
0.095,0.0016266,A3-3,3,3
0.082,0.00162906,A3-3,3,3
0.069,0.0016312,A3-3,3,3
0.056,0.00163264,A3-3,3,3
0.043,0.00163458,A3-3,3,3
0.03,0.001636,A3-3,3,3
0.017,0.00163783,A3-3,3,3
0.004,0.00163964,A3-3,3,3
-0.009,0.00164022,A3-3,3,3
-0.022,0.00164136,A3-3,3,3
-0.035,0.00164289,A3-3,3,3
-0.048,0.00164423,A3-3,3,3
-0.061,0.00164551,A3-3,3,3
-0.074,0.00164601,A3-3,3,3
-0.087,0.00164735,A3-3,3,3
-0.1,0.00164832,A3-3,3,3
1.2,-0.0007985,A3-4,3,4
1.187,-0.0007328,A3-4,3,4
1.174,-0.00066351,A3-4,3,4
1.161,-0.00059224,A3-4,3,4
1.148,-0.00052058,A3-4,3,4
1.135,-0.00044974,A3-4,3,4
1.122,-0.00037996,A3-4,3,4
1.109,-0.00031216,A3-4,3,4
1.096,-0.00024641,A3-4,3,4
1.083,-0.00018281,A3-4,3,4
1.07,-0.00012146,A3-4,3,4
1.057,-6.188e-05,A3-4,3,4
1.044,-6.13e-06,A3-4,3,4
1.031,4.721e-05,A3-4,3,4
1.018,0.00010037,A3-4,3,4
1.005,0.00014684,A3-4,3,4
0.992,0.00019743,A3-4,3,4
0.979,0.0002451,A3-4,3,4
0.966,0.00029066,A3-4,3,4
0.953,0.00033411,A3-4,3,4
0.94,0.0003757,A3-4,3,4
0.927,0.00041574,A3-4,3,4
0.914,0.00045421,A3-4,3,4
0.901,0.00049151,A3-4,3,4
0.888,0.00052732,A3-4,3,4
0.875,0.00056221,A3-4,3,4
0.862,0.00059603,A3-4,3,4
0.849,0.00062905,A3-4,3,4
0.836,0.00066134,A3-4,3,4
0.823,0.00069312,A3-4,3,4
0.81,0.00072395,A3-4,3,4
0.797,0.00075417,A3-4,3,4
0.784,0.00078407,A3-4,3,4
0.771,0.00081311,A3-4,3,4
0.758,0.00084156,A3-4,3,4
0.745,0.00086996,A3-4,3,4
0.732,0.00089758,A3-4,3,4
0.719,0.00092504,A3-4,3,4
0.706,0.00095122,A3-4,3,4
0.693,0.00097701,A3-4,3,4
0.68,0.00100262,A3-4,3,4
0.667,0.00102731,A3-4,3,4
0.654,0.00105001,A3-4,3,4
0.641,0.0010643,A3-4,3,4
0.628,0.00108535,A3-4,3,4
0.615,0.00110932,A3-4,3,4
0.602,0.00113242,A3-4,3,4
0.589,0.00115492,A3-4,3,4
0.576,0.00117688,A3-4,3,4
0.563,0.00119829,A3-4,3,4
0.55,0.00121834,A3-4,3,4
0.537,0.00123718,A3-4,3,4
0.524,0.0012566,A3-4,3,4
0.511,0.00127525,A3-4,3,4
0.498,0.00129283,A3-4,3,4
0.485,0.0013096,A3-4,3,4
0.472,0.00132562,A3-4,3,4
0.459,0.00134061,A3-4,3,4
0.446,0.00135498,A3-4,3,4
0.433,0.00136789,A3-4,3,4
0.42,0.00138148,A3-4,3,4
0.407,0.00139321,A3-4,3,4
0.394,0.00140445,A3-4,3,4
0.381,0.00141507,A3-4,3,4
0.368,0.0014249,A3-4,3,4
0.355,0.00143398,A3-4,3,4
0.342,0.00144247,A3-4,3,4
0.329,0.00145002,A3-4,3,4
0.316,0.00145732,A3-4,3,4
0.303,0.00146369,A3-4,3,4
0.29,0.00146934,A3-4,3,4
0.277,0.00147565,A3-4,3,4
0.264,0.00148059,A3-4,3,4
0.251,0.0014849,A3-4,3,4
0.238,0.00148955,A3-4,3,4
0.225,0.00149408,A3-4,3,4
0.212,0.00149697,A3-4,3,4
0.199,0.00150109,A3-4,3,4
0.186,0.00150407,A3-4,3,4
0.173,0.00150753,A3-4,3,4
0.16,0.00151046,A3-4,3,4
0.147,0.00151246,A3-4,3,4
0.134,0.00151526,A3-4,3,4
0.121,0.00151731,A3-4,3,4
0.108,0.0015194,A3-4,3,4
0.095,0.00152144,A3-4,3,4
0.082,0.0015233,A3-4,3,4
0.069,0.00152611,A3-4,3,4
0.056,0.00152709,A3-4,3,4
0.043,0.00152952,A3-4,3,4
0.03,0.00153087,A3-4,3,4
0.017,0.00153194,A3-4,3,4
0.004,0.00153369,A3-4,3,4
-0.009,0.0015347,A3-4,3,4
-0.022,0.00153616,A3-4,3,4
-0.035,0.00153781,A3-4,3,4
-0.048,0.00153896,A3-4,3,4
-0.061,0.00153979,A3-4,3,4
-0.074,0.00154123,A3-4,3,4
-0.087,0.00154227,A3-4,3,4
-0.1,0.00154296,A3-4,3,4
1.2,-0.00066254,A3-5,3,5
1.187,-0.00059426,A3-5,3,5
1.174,-0.00052462,A3-5,3,5
1.161,-0.00045471,A3-5,3,5
1.148,-0.00038564,A3-5,3,5
1.135,-0.00031803,A3-5,3,5
1.122,-0.00025183,A3-5,3,5
1.109,-0.00018772,A3-5,3,5
1.096,-0.00012568,A3-5,3,5
1.083,-6.576e-05,A3-5,3,5
1.07,-8.26e-06,A3-5,3,5
1.057,4.743e-05,A3-5,3,5
1.044,0.0001025,A3-5,3,5
1.031,0.0001529,A3-5,3,5
1.018,0.00020493,A3-5,3,5
1.005,0.00025433,A3-5,3,5
0.992,0.0003014,A3-5,3,5
0.979,0.0003466,A3-5,3,5
0.966,0.00038972,A3-5,3,5
0.953,0.00043123,A3-5,3,5
0.94,0.00047128,A3-5,3,5
0.927,0.00050968,A3-5,3,5
0.914,0.00054709,A3-5,3,5
0.901,0.00058306,A3-5,3,5
0.888,0.00061773,A3-5,3,5
0.875,0.00065181,A3-5,3,5
0.862,0.00068396,A3-5,3,5
0.849,0.00071618,A3-5,3,5
0.836,0.00074745,A3-5,3,5
0.823,0.00077791,A3-5,3,5
0.81,0.00080783,A3-5,3,5
0.797,0.00083685,A3-5,3,5
0.784,0.00086508,A3-5,3,5
0.771,0.00089306,A3-5,3,5
0.758,0.00092037,A3-5,3,5
0.745,0.0009476,A3-5,3,5
0.732,0.00097377,A3-5,3,5
0.719,0.00099958,A3-5,3,5
0.706,0.00102445,A3-5,3,5
0.693,0.00104908,A3-5,3,5
0.68,0.00106437,A3-5,3,5
0.667,0.00108557,A3-5,3,5
0.654,0.0011091,A3-5,3,5
0.641,0.00113296,A3-5,3,5
0.628,0.00115486,A3-5,3,5
0.615,0.00117597,A3-5,3,5
0.602,0.00119753,A3-5,3,5
0.589,0.00121781,A3-5,3,5
0.576,0.00123771,A3-5,3,5
0.563,0.00125658,A3-5,3,5
0.55,0.00127522,A3-5,3,5
0.537,0.00129253,A3-5,3,5
0.524,0.00131068,A3-5,3,5
0.511,0.00132746,A3-5,3,5
0.498,0.00134518,A3-5,3,5
0.485,0.00136067,A3-5,3,5
0.472,0.00137611,A3-5,3,5
0.459,0.00139035,A3-5,3,5
0.446,0.0014045,A3-5,3,5
0.433,0.00141721,A3-5,3,5
0.42,0.00143062,A3-5,3,5
0.407,0.00144346,A3-5,3,5
0.394,0.00145529,A3-5,3,5
0.381,0.00146579,A3-5,3,5
0.368,0.00147583,A3-5,3,5
0.355,0.0014852,A3-5,3,5
0.342,0.0014944,A3-5,3,5
0.329,0.00150285,A3-5,3,5
0.316,0.00151056,A3-5,3,5
0.303,0.00151751,A3-5,3,5
0.29,0.00152438,A3-5,3,5
0.277,0.00153158,A3-5,3,5
0.264,0.00153759,A3-5,3,5
0.251,0.00154361,A3-5,3,5
0.238,0.00154949,A3-5,3,5
0.225,0.00155411,A3-5,3,5
0.212,0.00155967,A3-5,3,5
0.199,0.00156368,A3-5,3,5
0.186,0.0015675,A3-5,3,5
0.173,0.0015707,A3-5,3,5
0.16,0.00157416,A3-5,3,5
0.147,0.00157744,A3-5,3,5
0.134,0.00158004,A3-5,3,5
0.121,0.00158211,A3-5,3,5
0.108,0.00158515,A3-5,3,5
0.095,0.00158744,A3-5,3,5
0.082,0.00158979,A3-5,3,5
0.069,0.00159175,A3-5,3,5
0.056,0.00159454,A3-5,3,5
0.043,0.00159672,A3-5,3,5
0.03,0.00159717,A3-5,3,5
0.017,0.00159944,A3-5,3,5
0.004,0.00160058,A3-5,3,5
-0.009,0.00160343,A3-5,3,5
-0.022,0.00160307,A3-5,3,5
-0.035,0.00160343,A3-5,3,5
-0.048,0.00160422,A3-5,3,5
-0.061,0.00160572,A3-5,3,5
-0.074,0.00160676,A3-5,3,5
-0.087,0.00160725,A3-5,3,5
-0.1,0.00160679,A3-5,3,5
1.2,-0.0015058,A4-1,4,1
1.187,-0.00143475,A4-1,4,1
1.174,-0.00137727,A4-1,4,1
1.161,-0.00131285,A4-1,4,1
1.148,-0.00125297,A4-1,4,1
1.135,-0.00119733,A4-1,4,1
1.122,-0.00114291,A4-1,4,1
1.109,-0.00109488,A4-1,4,1
1.096,-0.00105114,A4-1,4,1
1.083,-0.00101121,A4-1,4,1
1.07,-0.00097141,A4-1,4,1
1.057,-0.00093875,A4-1,4,1
1.044,-0.00090845,A4-1,4,1
1.031,-0.00087773,A4-1,4,1
1.018,-0.00084904,A4-1,4,1
1.005,-0.0008238,A4-1,4,1
0.992,-0.00079682,A4-1,4,1
0.979,-0.0007709,A4-1,4,1
0.966,-0.00076653,A4-1,4,1
0.953,-0.00078395,A4-1,4,1
0.94,-0.00070519,A4-1,4,1
0.927,-0.0007621,A4-1,4,1
0.914,-0.00076303,A4-1,4,1
0.901,-0.00075165,A4-1,4,1
0.888,-0.00072754,A4-1,4,1
0.875,-0.00070049,A4-1,4,1
0.862,-0.00067746,A4-1,4,1
0.849,-0.00064539,A4-1,4,1
0.836,-0.00060914,A4-1,4,1
0.823,-0.00057934,A4-1,4,1
0.81,-0.00054322,A4-1,4,1
0.797,-0.00050392,A4-1,4,1
0.784,-0.00046593,A4-1,4,1
0.771,-0.00042743,A4-1,4,1
0.758,-0.00038417,A4-1,4,1
0.745,-0.00034255,A4-1,4,1
0.732,-0.00030775,A4-1,4,1
0.719,-0.00014755,A4-1,4,1
0.706,-0.00010235,A4-1,4,1
0.693,-0.00031149,A4-1,4,1
0.68,-0.00026116,A4-1,4,1
0.667,-0.00021479,A4-1,4,1
0.654,-0.00017068,A4-1,4,1
0.641,-0.00012294,A4-1,4,1
0.628,-8.271e-05,A4-1,4,1
0.615,-4.52e-05,A4-1,4,1
0.602,-5.218e-05,A4-1,4,1
0.589,-4.38e-06,A4-1,4,1
0.576,3.204e-05,A4-1,4,1
0.563,8.041e-05,A4-1,4,1
0.55,0.00010089,A4-1,4,1
0.537,0.00014895,A4-1,4,1
0.524,0.00019239,A4-1,4,1
0.511,0.00023094,A4-1,4,1
0.498,0.00026741,A4-1,4,1
0.485,0.00030505,A4-1,4,1
0.472,0.00033775,A4-1,4,1
0.459,0.00037326,A4-1,4,1
0.446,0.00040878,A4-1,4,1
0.433,0.00045004,A4-1,4,1
0.42,0.00047477,A4-1,4,1
0.407,0.0005035,A4-1,4,1
0.394,0.00053382,A4-1,4,1
0.381,0.00056836,A4-1,4,1
0.368,0.00060386,A4-1,4,1
0.355,0.00062367,A4-1,4,1
0.342,0.00065151,A4-1,4,1
0.329,0.00068092,A4-1,4,1
0.316,0.00071163,A4-1,4,1
0.303,0.00073665,A4-1,4,1
0.29,0.00076424,A4-1,4,1
0.277,0.00079477,A4-1,4,1
0.264,0.00082648,A4-1,4,1
0.251,0.00084461,A4-1,4,1
0.238,0.00087361,A4-1,4,1
0.225,0.00089347,A4-1,4,1
0.212,0.00091008,A4-1,4,1
0.199,0.00093261,A4-1,4,1
0.186,0.00096857,A4-1,4,1
0.173,0.00099898,A4-1,4,1
0.16,0.00101447,A4-1,4,1
0.147,0.00102984,A4-1,4,1
0.134,0.00104413,A4-1,4,1
0.121,0.00103441,A4-1,4,1
0.108,0.00105016,A4-1,4,1
0.095,0.00106481,A4-1,4,1
0.082,0.00107997,A4-1,4,1
0.069,0.00109492,A4-1,4,1
0.056,0.00111022,A4-1,4,1
0.043,0.00112538,A4-1,4,1
0.03,0.00113887,A4-1,4,1
0.017,0.00115229,A4-1,4,1
0.004,0.00116661,A4-1,4,1
-0.009,0.00117983,A4-1,4,1
-0.022,0.00119393,A4-1,4,1
-0.035,0.00120818,A4-1,4,1
-0.048,0.00122043,A4-1,4,1
-0.061,0.00123253,A4-1,4,1
-0.074,0.00124432,A4-1,4,1
-0.087,0.00125605,A4-1,4,1
-0.1,0.00126679,A4-1,4,1
1.2,-0.00081305,A4-2,4,2
1.187,-0.00077807,A4-2,4,2
1.174,-0.0007331,A4-2,4,2
1.161,-0.00068372,A4-2,4,2
1.148,-0.0006322,A4-2,4,2
1.135,-0.00057961,A4-2,4,2
1.122,-0.00052705,A4-2,4,2
1.109,-0.00047461,A4-2,4,2
1.096,-0.00042313,A4-2,4,2
1.083,-0.0003722,A4-2,4,2
1.07,-0.00032194,A4-2,4,2
1.057,-0.00027278,A4-2,4,2
1.044,-0.00022454,A4-2,4,2
1.031,-0.00017772,A4-2,4,2
1.018,-0.00013209,A4-2,4,2
1.005,-8.595e-05,A4-2,4,2
0.992,-4.417e-05,A4-2,4,2
0.979,-2.25e-06,A4-2,4,2
0.966,3.807e-05,A4-2,4,2
0.953,7.696e-05,A4-2,4,2
0.94,0.00011315,A4-2,4,2
0.927,0.00015047,A4-2,4,2
0.914,0.00018618,A4-2,4,2
0.901,0.00022054,A4-2,4,2
0.888,0.00025355,A4-2,4,2
0.875,0.00028561,A4-2,4,2
0.862,0.00031668,A4-2,4,2
0.849,0.00034649,A4-2,4,2
0.836,0.00037561,A4-2,4,2
0.823,0.00040433,A4-2,4,2
0.81,0.00043248,A4-2,4,2
0.797,0.00045985,A4-2,4,2
0.784,0.00048634,A4-2,4,2
0.771,0.00051249,A4-2,4,2
0.758,0.00053855,A4-2,4,2
0.745,0.00056402,A4-2,4,2
0.732,0.00058971,A4-2,4,2
0.719,0.00061428,A4-2,4,2
0.706,0.00063874,A4-2,4,2
0.693,0.00066282,A4-2,4,2
0.68,0.00068708,A4-2,4,2
0.667,0.00071088,A4-2,4,2
0.654,0.0007337,A4-2,4,2
0.641,0.00075727,A4-2,4,2
0.628,0.00078029,A4-2,4,2
0.615,0.00080287,A4-2,4,2
0.602,0.00082531,A4-2,4,2
0.589,0.0008478,A4-2,4,2
0.576,0.00087001,A4-2,4,2
0.563,0.00089235,A4-2,4,2
0.55,0.00091278,A4-2,4,2
0.537,0.00093407,A4-2,4,2
0.524,0.00095407,A4-2,4,2
0.511,0.00097576,A4-2,4,2
0.498,0.00099561,A4-2,4,2
0.485,0.00101613,A4-2,4,2
0.472,0.00103647,A4-2,4,2
0.459,0.00105019,A4-2,4,2
0.446,0.00107637,A4-2,4,2
0.433,0.00108802,A4-2,4,2
0.42,0.00110595,A4-2,4,2
0.407,0.00112396,A4-2,4,2
0.394,0.00114171,A4-2,4,2
0.381,0.00115912,A4-2,4,2
0.368,0.00117621,A4-2,4,2
0.355,0.00119331,A4-2,4,2
0.342,0.00120997,A4-2,4,2
0.329,0.00122527,A4-2,4,2
0.316,0.00123948,A4-2,4,2
0.303,0.00125417,A4-2,4,2
0.29,0.0012682,A4-2,4,2
0.277,0.00128194,A4-2,4,2
0.264,0.00129471,A4-2,4,2
0.251,0.00130662,A4-2,4,2
0.238,0.00131882,A4-2,4,2
0.225,0.00133001,A4-2,4,2
0.212,0.00134065,A4-2,4,2
0.199,0.00135132,A4-2,4,2
0.186,0.00136099,A4-2,4,2
0.173,0.00137074,A4-2,4,2
0.16,0.00137828,A4-2,4,2
0.147,0.0013866,A4-2,4,2
0.134,0.00139438,A4-2,4,2
0.121,0.00140116,A4-2,4,2
0.108,0.00140764,A4-2,4,2
0.095,0.00141382,A4-2,4,2
0.082,0.00141979,A4-2,4,2
0.069,0.00142522,A4-2,4,2
0.056,0.00143022,A4-2,4,2
0.043,0.00143464,A4-2,4,2
0.03,0.0014392,A4-2,4,2
0.017,0.00144364,A4-2,4,2
0.004,0.00144699,A4-2,4,2
-0.009,0.00145139,A4-2,4,2
-0.022,0.0014544,A4-2,4,2
-0.035,0.00145749,A4-2,4,2
-0.048,0.00146075,A4-2,4,2
-0.061,0.00146372,A4-2,4,2
-0.074,0.00146695,A4-2,4,2
-0.087,0.00146902,A4-2,4,2
-0.1,0.00147192,A4-2,4,2
1.2,-0.00082022,A4-3,4,3
1.187,-0.00078711,A4-3,4,3
1.174,-0.00074598,A4-3,4,3
1.161,-0.00069997,A4-3,4,3
1.148,-0.0006512,A4-3,4,3
1.135,-0.00060096,A4-3,4,3
1.122,-0.00055013,A4-3,4,3
1.109,-0.0004993,A4-3,4,3
1.096,-0.00044861,A4-3,4,3
1.083,-0.00039895,A4-3,4,3
1.07,-0.00035055,A4-3,4,3
1.057,-0.00030326,A4-3,4,3
1.044,-0.00025729,A4-3,4,3
1.031,-0.00021285,A4-3,4,3
1.018,-0.00017011,A4-3,4,3
1.005,-0.00012906,A4-3,4,3
0.992,-8.743e-05,A4-3,4,3
0.979,-5.142e-05,A4-3,4,3
0.966,-1.547e-05,A4-3,4,3
0.953,1.934e-05,A4-3,4,3
0.94,5.289e-05,A4-3,4,3
0.927,8.519e-05,A4-3,4,3
0.914,0.00011108,A4-3,4,3
0.901,0.00014314,A4-3,4,3
0.888,0.00017358,A4-3,4,3
0.875,0.00020305,A4-3,4,3
0.862,0.00023157,A4-3,4,3
0.849,0.00025975,A4-3,4,3
0.836,0.00028719,A4-3,4,3
0.823,0.00031438,A4-3,4,3
0.81,0.00034096,A4-3,4,3
0.797,0.00036719,A4-3,4,3
0.784,0.00039328,A4-3,4,3
0.771,0.00041917,A4-3,4,3
0.758,0.00044475,A4-3,4,3
0.745,0.00047012,A4-3,4,3
0.732,0.00049418,A4-3,4,3
0.719,0.0005197,A4-3,4,3
0.706,0.00054461,A4-3,4,3
0.693,0.00056947,A4-3,4,3
0.68,0.00059404,A4-3,4,3
0.667,0.00061806,A4-3,4,3
0.654,0.00064166,A4-3,4,3
0.641,0.00066517,A4-3,4,3
0.628,0.00068841,A4-3,4,3
0.615,0.00071152,A4-3,4,3
0.602,0.00073471,A4-3,4,3
0.589,0.00075723,A4-3,4,3
0.576,0.00077955,A4-3,4,3
0.563,0.00080147,A4-3,4,3
0.55,0.0008231,A4-3,4,3
0.537,0.0008445,A4-3,4,3
0.524,0.00086575,A4-3,4,3
0.511,0.00088525,A4-3,4,3
0.498,0.00090665,A4-3,4,3
0.485,0.00092719,A4-3,4,3
0.472,0.00094734,A4-3,4,3
0.459,0.00096757,A4-3,4,3
0.446,0.00098705,A4-3,4,3
0.433,0.00100631,A4-3,4,3
0.42,0.00102538,A4-3,4,3
0.407,0.00104368,A4-3,4,3
0.394,0.00105019,A4-3,4,3
0.381,0.00107954,A4-3,4,3
0.368,0.00109119,A4-3,4,3
0.355,0.0011082,A4-3,4,3
0.342,0.00112543,A4-3,4,3
0.329,0.00114228,A4-3,4,3
0.316,0.00115894,A4-3,4,3
0.303,0.00117544,A4-3,4,3
0.29,0.00119053,A4-3,4,3
0.277,0.00120617,A4-3,4,3
0.264,0.00122046,A4-3,4,3
0.251,0.00123471,A4-3,4,3
0.238,0.00124875,A4-3,4,3
0.225,0.00126107,A4-3,4,3
0.212,0.00127362,A4-3,4,3
0.199,0.0012857,A4-3,4,3
0.186,0.0012972,A4-3,4,3
0.173,0.0013076,A4-3,4,3
0.16,0.00131767,A4-3,4,3
0.147,0.00132727,A4-3,4,3
0.134,0.00133587,A4-3,4,3
0.121,0.00134366,A4-3,4,3
0.108,0.00135146,A4-3,4,3
0.095,0.00135893,A4-3,4,3
0.082,0.00136479,A4-3,4,3
0.069,0.001371,A4-3,4,3
0.056,0.00137663,A4-3,4,3
0.043,0.00138152,A4-3,4,3
0.03,0.00138628,A4-3,4,3
0.017,0.00139061,A4-3,4,3
0.004,0.0013943,A4-3,4,3
-0.009,0.00140082,A4-3,4,3
-0.022,0.00140214,A4-3,4,3
-0.035,0.00140485,A4-3,4,3
-0.048,0.00140764,A4-3,4,3
-0.061,0.00141046,A4-3,4,3
-0.074,0.0014136,A4-3,4,3
-0.087,0.00141545,A4-3,4,3
-0.1,0.00141734,A4-3,4,3
1.2,-0.00059074,A4-4,4,4
1.187,-0.00059134,A4-4,4,4
1.174,-0.00057287,A4-4,4,4
1.161,-0.00054507,A4-4,4,4
1.148,-0.00051049,A4-4,4,4
1.135,-0.00047144,A4-4,4,4
1.122,-0.00042715,A4-4,4,4
1.109,-0.00038376,A4-4,4,4
1.096,-0.00033897,A4-4,4,4
1.083,-0.00029255,A4-4,4,4
1.07,-0.00024394,A4-4,4,4
1.057,-0.00019653,A4-4,4,4
1.044,-0.00014909,A4-4,4,4
1.031,-0.00010348,A4-4,4,4
1.018,-5.778e-05,A4-4,4,4
1.005,-1.5e-05,A4-4,4,4
0.992,2.703e-05,A4-4,4,4
0.979,6.774e-05,A4-4,4,4
0.966,0.00010727,A4-4,4,4
0.953,0.00014571,A4-4,4,4
0.94,0.00018306,A4-4,4,4
0.927,0.00022058,A4-4,4,4
0.914,0.00025745,A4-4,4,4
0.901,0.00029307,A4-4,4,4
0.888,0.0003269,A4-4,4,4
0.875,0.00036739,A4-4,4,4
0.862,0.00039088,A4-4,4,4
0.849,0.00042683,A4-4,4,4
0.836,0.00045798,A4-4,4,4
0.823,0.00048826,A4-4,4,4
0.81,0.00054526,A4-4,4,4
0.797,0.00058706,A4-4,4,4
0.784,0.00060081,A4-4,4,4
0.771,0.00062379,A4-4,4,4
0.758,0.00065273,A4-4,4,4
0.745,0.00068357,A4-4,4,4
0.732,0.00070907,A4-4,4,4
0.719,0.00073444,A4-4,4,4
0.706,0.00076407,A4-4,4,4
0.693,0.00078414,A4-4,4,4
0.68,0.00081389,A4-4,4,4
0.667,0.00083572,A4-4,4,4
0.654,0.00086164,A4-4,4,4
0.641,0.00086773,A4-4,4,4
0.628,0.00087621,A4-4,4,4
0.615,0.00089245,A4-4,4,4
0.602,0.00091461,A4-4,4,4
0.589,0.00094229,A4-4,4,4
0.576,0.00096556,A4-4,4,4
0.563,0.00099042,A4-4,4,4
0.55,0.00101379,A4-4,4,4
0.537,0.00103154,A4-4,4,4
0.524,0.00105019,A4-4,4,4
0.511,0.00107628,A4-4,4,4
0.498,0.00109337,A4-4,4,4
0.485,0.00112078,A4-4,4,4
0.472,0.00114352,A4-4,4,4
0.459,0.00115627,A4-4,4,4
0.446,0.00117606,A4-4,4,4
0.433,0.00119175,A4-4,4,4
0.42,0.001219,A4-4,4,4
0.407,0.00123804,A4-4,4,4
0.394,0.00125642,A4-4,4,4
0.381,0.00127136,A4-4,4,4
0.368,0.00129268,A4-4,4,4
0.355,0.00130763,A4-4,4,4
0.342,0.00132307,A4-4,4,4
0.329,0.00134226,A4-4,4,4
0.316,0.00135096,A4-4,4,4
0.303,0.00136845,A4-4,4,4
0.29,0.00137443,A4-4,4,4
0.277,0.00139044,A4-4,4,4
0.264,0.00139945,A4-4,4,4
0.251,0.00140833,A4-4,4,4
0.238,0.00142414,A4-4,4,4
0.225,0.00143881,A4-4,4,4
0.212,0.00144582,A4-4,4,4
0.199,0.00145715,A4-4,4,4
0.186,0.0014651,A4-4,4,4
0.173,0.00147489,A4-4,4,4
0.16,0.00147507,A4-4,4,4
0.147,0.0014862,A4-4,4,4
0.134,0.00149745,A4-4,4,4
0.121,0.00150629,A4-4,4,4
0.108,0.00150634,A4-4,4,4
0.095,0.00150984,A4-4,4,4
0.082,0.00151745,A4-4,4,4
0.069,0.00151684,A4-4,4,4
0.056,0.00152088,A4-4,4,4
0.043,0.0015184,A4-4,4,4
0.03,0.00151837,A4-4,4,4
0.017,0.00150956,A4-4,4,4
0.004,0.00149277,A4-4,4,4
-0.009,0.00147836,A4-4,4,4
-0.022,0.00152104,A4-4,4,4
-0.035,0.00147152,A4-4,4,4
-0.048,0.00152098,A4-4,4,4
-0.061,0.00153765,A4-4,4,4
-0.074,0.00158028,A4-4,4,4
-0.087,0.00160013,A4-4,4,4
-0.1,0.0016002,A4-4,4,4
1.2,-0.00149635,A4-5,4,5
1.187,-0.00143617,A4-5,4,5
1.174,-0.00134422,A4-5,4,5
1.161,-0.00123813,A4-5,4,5
1.148,-0.00112651,A4-5,4,5
1.135,-0.00101399,A4-5,4,5
1.122,-0.00089524,A4-5,4,5
1.109,-0.0007928,A4-5,4,5
1.096,-0.00068853,A4-5,4,5
1.083,-0.00058725,A4-5,4,5
1.07,-0.00049029,A4-5,4,5
1.057,-0.00039848,A4-5,4,5
1.044,-0.00031218,A4-5,4,5
1.031,-0.00023192,A4-5,4,5
1.018,-0.00015774,A4-5,4,5
1.005,-8.584e-05,A4-5,4,5
0.992,-2.689e-05,A4-5,4,5
0.979,2.872e-05,A4-5,4,5
0.966,7.961e-05,A4-5,4,5
0.953,0.0001188,A4-5,4,5
0.94,0.00016272,A4-5,4,5
0.927,0.00020178,A4-5,4,5
0.914,0.00023719,A4-5,4,5
0.901,0.00026973,A4-5,4,5
0.888,0.00030007,A4-5,4,5
0.875,0.00032861,A4-5,4,5
0.862,0.00035568,A4-5,4,5
0.849,0.00038187,A4-5,4,5
0.836,0.00040717,A4-5,4,5
0.823,0.00043166,A4-5,4,5
0.81,0.00045583,A4-5,4,5
0.797,0.00047982,A4-5,4,5
0.784,0.00050329,A4-5,4,5
0.771,0.00052679,A4-5,4,5
0.758,0.00055005,A4-5,4,5
0.745,0.00057095,A4-5,4,5
0.732,0.00059506,A4-5,4,5
0.719,0.00061836,A4-5,4,5
0.706,0.0006408,A4-5,4,5
0.693,0.00066325,A4-5,4,5
0.68,0.00068537,A4-5,4,5
0.667,0.00070729,A4-5,4,5
0.654,0.0007291,A4-5,4,5
0.641,0.00075117,A4-5,4,5
0.628,0.00077274,A4-5,4,5
0.615,0.00079386,A4-5,4,5
0.602,0.00081457,A4-5,4,5
0.589,0.00083523,A4-5,4,5
0.576,0.00085562,A4-5,4,5
0.563,0.00087614,A4-5,4,5
0.55,0.00089624,A4-5,4,5
0.537,0.00091599,A4-5,4,5
0.524,0.0009351,A4-5,4,5
0.511,0.00095416,A4-5,4,5
0.498,0.00097279,A4-5,4,5
0.485,0.00099148,A4-5,4,5
0.472,0.001009,A4-5,4,5
0.459,0.00102674,A4-5,4,5
0.446,0.0010447,A4-5,4,5
0.433,0.00105019,A4-5,4,5
0.42,0.00108006,A4-5,4,5
0.407,0.00108686,A4-5,4,5
0.394,0.0011003,A4-5,4,5
0.381,0.00111396,A4-5,4,5
0.368,0.00112644,A4-5,4,5
0.355,0.00113828,A4-5,4,5
0.342,0.00114941,A4-5,4,5
0.329,0.00115962,A4-5,4,5
0.316,0.00116884,A4-5,4,5
0.303,0.00117712,A4-5,4,5
0.29,0.00118476,A4-5,4,5
0.277,0.00119112,A4-5,4,5
0.264,0.00119751,A4-5,4,5
0.251,0.00120249,A4-5,4,5
0.238,0.00120734,A4-5,4,5
0.225,0.00121155,A4-5,4,5
0.212,0.00121507,A4-5,4,5
0.199,0.00121833,A4-5,4,5
0.186,0.00122154,A4-5,4,5
0.173,0.00122382,A4-5,4,5
0.16,0.00122575,A4-5,4,5
0.147,0.00122799,A4-5,4,5
0.134,0.00122967,A4-5,4,5
0.121,0.00123182,A4-5,4,5
0.108,0.00123329,A4-5,4,5
0.095,0.00123437,A4-5,4,5
0.082,0.00123572,A4-5,4,5
0.069,0.00123724,A4-5,4,5
0.056,0.00123808,A4-5,4,5
0.043,0.00123904,A4-5,4,5
0.03,0.0012404,A4-5,4,5
0.017,0.00124119,A4-5,4,5
0.004,0.00124224,A4-5,4,5
-0.009,0.00124374,A4-5,4,5
-0.022,0.00124398,A4-5,4,5
-0.035,0.00124539,A4-5,4,5
-0.048,0.00124588,A4-5,4,5
-0.061,0.00124637,A4-5,4,5
-0.074,0.00124688,A4-5,4,5
-0.087,0.00124843,A4-5,4,5
-0.1,0.00124856,A4-5,4,5
1.2,-0.00109711,A5-1,5,1
1.187,-0.00101979,A5-1,5,1
1.174,-0.00093885,A5-1,5,1
1.161,-0.00085424,A5-1,5,1
1.148,-0.00076669,A5-1,5,1
1.135,-0.00067932,A5-1,5,1
1.122,-0.00059378,A5-1,5,1
1.109,-0.00051128,A5-1,5,1
1.096,-0.00043173,A5-1,5,1
1.083,-0.00035586,A5-1,5,1
1.07,-0.0002841,A5-1,5,1
1.057,-0.00021663,A5-1,5,1
1.044,-0.00015368,A5-1,5,1
1.031,-9.151e-05,A5-1,5,1
1.018,-4.036e-05,A5-1,5,1
1.005,8.37e-06,A5-1,5,1
0.992,5.127e-05,A5-1,5,1
0.979,9.259e-05,A5-1,5,1
0.966,0.000125,A5-1,5,1
0.953,0.00016187,A5-1,5,1
0.94,0.00019464,A5-1,5,1
0.927,0.00022461,A5-1,5,1
0.914,0.0002526,A5-1,5,1
0.901,0.00027902,A5-1,5,1
0.888,0.00030402,A5-1,5,1
0.875,0.00032822,A5-1,5,1
0.862,0.00035148,A5-1,5,1
0.849,0.00037464,A5-1,5,1
0.836,0.0003973,A5-1,5,1
0.823,0.00041978,A5-1,5,1
0.81,0.00044197,A5-1,5,1
0.797,0.00046418,A5-1,5,1
0.784,0.00048627,A5-1,5,1
0.771,0.00050843,A5-1,5,1
0.758,0.00053086,A5-1,5,1
0.745,0.00055304,A5-1,5,1
0.732,0.00057519,A5-1,5,1
0.719,0.00059709,A5-1,5,1
0.706,0.00061901,A5-1,5,1
0.693,0.00064102,A5-1,5,1
0.68,0.00066312,A5-1,5,1
0.667,0.00068506,A5-1,5,1
0.654,0.00070687,A5-1,5,1
0.641,0.00072799,A5-1,5,1
0.628,0.00074989,A5-1,5,1
0.615,0.0007721,A5-1,5,1
0.602,0.00079353,A5-1,5,1
0.589,0.00081422,A5-1,5,1
0.576,0.00083478,A5-1,5,1
0.563,0.00085546,A5-1,5,1
0.55,0.00087494,A5-1,5,1
0.537,0.00089444,A5-1,5,1
0.524,0.00091368,A5-1,5,1
0.511,0.00093217,A5-1,5,1
0.498,0.00094967,A5-1,5,1
0.485,0.00096623,A5-1,5,1
0.472,0.00098206,A5-1,5,1
0.459,0.00099676,A5-1,5,1
0.446,0.00101079,A5-1,5,1
0.433,0.00102345,A5-1,5,1
0.42,0.00103566,A5-1,5,1
0.407,0.00104659,A5-1,5,1
0.394,0.00105507,A5-1,5,1
0.381,0.0010617,A5-1,5,1
0.368,0.00106989,A5-1,5,1
0.355,0.00107738,A5-1,5,1
0.342,0.00108429,A5-1,5,1
0.329,0.00109024,A5-1,5,1
0.316,0.00109545,A5-1,5,1
0.303,0.00110002,A5-1,5,1
0.29,0.0011047,A5-1,5,1
0.277,0.00110807,A5-1,5,1
0.264,0.00111126,A5-1,5,1
0.251,0.0011138,A5-1,5,1
0.238,0.00111648,A5-1,5,1
0.225,0.00111851,A5-1,5,1
0.212,0.00112058,A5-1,5,1
0.199,0.00112212,A5-1,5,1
0.186,0.00112422,A5-1,5,1
0.173,0.00112534,A5-1,5,1
0.16,0.00112677,A5-1,5,1
0.147,0.0011279,A5-1,5,1
0.134,0.00112902,A5-1,5,1
0.121,0.00113001,A5-1,5,1
0.108,0.00113088,A5-1,5,1
0.095,0.00113238,A5-1,5,1
0.082,0.00113332,A5-1,5,1
0.069,0.00113443,A5-1,5,1
0.056,0.00113501,A5-1,5,1
0.043,0.0011351,A5-1,5,1
0.03,0.00113626,A5-1,5,1
0.017,0.00113648,A5-1,5,1
0.004,0.00113747,A5-1,5,1
-0.009,0.00113898,A5-1,5,1
-0.022,0.00113935,A5-1,5,1
-0.035,0.00113955,A5-1,5,1
-0.048,0.00114079,A5-1,5,1
-0.061,0.00114138,A5-1,5,1
-0.074,0.00114187,A5-1,5,1
-0.087,0.00114239,A5-1,5,1
-0.1,0.00114333,A5-1,5,1
1.2,-0.00100027,A5-2,5,2
1.187,-0.00094918,A5-2,5,2
1.174,-0.00087752,A5-2,5,2
1.161,-0.00079713,A5-2,5,2
1.148,-0.00071362,A5-2,5,2
1.135,-0.0006297,A5-2,5,2
1.122,-0.00054689,A5-2,5,2
1.109,-0.00046645,A5-2,5,2
1.096,-0.00038906,A5-2,5,2
1.083,-0.00031517,A5-2,5,2
1.07,-0.00024528,A5-2,5,2
1.057,-0.00017951,A5-2,5,2
1.044,-0.00011813,A5-2,5,2
1.031,-5.873e-05,A5-2,5,2
1.018,-7.55e-06,A5-2,5,2
1.005,3.902e-05,A5-2,5,2
0.992,8.328e-05,A5-2,5,2
0.979,0.00011897,A5-2,5,2
0.966,0.00015851,A5-2,5,2
0.953,0.00019402,A5-2,5,2
0.94,0.00022605,A5-2,5,2
0.927,0.00025612,A5-2,5,2
0.914,0.00028434,A5-2,5,2
0.901,0.00031082,A5-2,5,2
0.888,0.00033602,A5-2,5,2
0.875,0.00036029,A5-2,5,2
0.862,0.00038398,A5-2,5,2
0.849,0.00040713,A5-2,5,2
0.836,0.00042974,A5-2,5,2
0.823,0.00045202,A5-2,5,2
0.81,0.00047419,A5-2,5,2
0.797,0.0004958,A5-2,5,2
0.784,0.0005176,A5-2,5,2
0.771,0.00053948,A5-2,5,2
0.758,0.0005608,A5-2,5,2
0.745,0.00058216,A5-2,5,2
0.732,0.00060346,A5-2,5,2
0.719,0.00062461,A5-2,5,2
0.706,0.0006429,A5-2,5,2
0.693,0.00066582,A5-2,5,2
0.68,0.00068715,A5-2,5,2
0.667,0.00070764,A5-2,5,2
0.654,0.00072813,A5-2,5,2
0.641,0.00074882,A5-2,5,2
0.628,0.00076898,A5-2,5,2
0.615,0.0007891,A5-2,5,2
0.602,0.00080866,A5-2,5,2
0.589,0.00082787,A5-2,5,2
0.576,0.00084672,A5-2,5,2
0.563,0.00086526,A5-2,5,2
0.55,0.00088352,A5-2,5,2
0.537,0.0009015,A5-2,5,2
0.524,0.00091926,A5-2,5,2
0.511,0.00093577,A5-2,5,2
0.498,0.00095211,A5-2,5,2
0.485,0.00096776,A5-2,5,2
0.472,0.00098267,A5-2,5,2
0.459,0.00099673,A5-2,5,2
0.446,0.00101036,A5-2,5,2
0.433,0.00102246,A5-2,5,2
0.42,0.00103415,A5-2,5,2
0.407,0.00104544,A5-2,5,2
0.394,0.00105428,A5-2,5,2
0.381,0.00106015,A5-2,5,2
0.368,0.00106837,A5-2,5,2
0.355,0.00107653,A5-2,5,2
0.342,0.00108362,A5-2,5,2
0.329,0.00108979,A5-2,5,2
0.316,0.00109601,A5-2,5,2
0.303,0.00110077,A5-2,5,2
0.29,0.00110526,A5-2,5,2
0.277,0.00110945,A5-2,5,2
0.264,0.00111269,A5-2,5,2
0.251,0.00111575,A5-2,5,2
0.238,0.00111898,A5-2,5,2
0.225,0.00112099,A5-2,5,2
0.212,0.00112308,A5-2,5,2
0.199,0.00112499,A5-2,5,2
0.186,0.00112627,A5-2,5,2
0.173,0.00112748,A5-2,5,2
0.16,0.00112958,A5-2,5,2
0.147,0.00113125,A5-2,5,2
0.134,0.00113181,A5-2,5,2
0.121,0.00113333,A5-2,5,2
0.108,0.00113406,A5-2,5,2
0.095,0.00113459,A5-2,5,2
0.082,0.0011358,A5-2,5,2
0.069,0.00113686,A5-2,5,2
0.056,0.00113744,A5-2,5,2
0.043,0.00113882,A5-2,5,2
0.03,0.00113935,A5-2,5,2
0.017,0.00113993,A5-2,5,2
0.004,0.00114071,A5-2,5,2
-0.009,0.00114184,A5-2,5,2
-0.022,0.0011424,A5-2,5,2
-0.035,0.00114278,A5-2,5,2
-0.048,0.00114353,A5-2,5,2
-0.061,0.00114499,A5-2,5,2
-0.074,0.00114463,A5-2,5,2
-0.087,0.00114585,A5-2,5,2
-0.1,0.00114665,A5-2,5,2
1.2,-0.0007763,A5-3,5,3
1.187,-0.00072496,A5-3,5,3
1.174,-0.00067366,A5-3,5,3
1.161,-0.00062326,A5-3,5,3
1.148,-0.00057393,A5-3,5,3
1.135,-0.00052539,A5-3,5,3
1.122,-0.00047807,A5-3,5,3
1.109,-0.00043475,A5-3,5,3
1.096,-0.00039285,A5-3,5,3
1.083,-0.00035346,A5-3,5,3
1.07,-0.00031558,A5-3,5,3
1.057,-0.00027998,A5-3,5,3
1.044,-0.00024611,A5-3,5,3
1.031,-0.0002145,A5-3,5,3
1.018,-0.00018372,A5-3,5,3
1.005,-0.00015447,A5-3,5,3
0.992,-0.0001246,A5-3,5,3
0.979,-9.861e-05,A5-3,5,3
0.966,-6.901e-05,A5-3,5,3
0.953,-4.088e-05,A5-3,5,3
0.94,-1.154e-05,A5-3,5,3
0.927,1.73e-05,A5-3,5,3
0.914,4.552e-05,A5-3,5,3
0.901,7.417e-05,A5-3,5,3
0.888,0.00010496,A5-3,5,3
0.875,0.00012328,A5-3,5,3
0.862,0.00015707,A5-3,5,3
0.849,0.00018945,A5-3,5,3
0.836,0.00022093,A5-3,5,3
0.823,0.00025171,A5-3,5,3
0.81,0.00028208,A5-3,5,3
0.797,0.00031219,A5-3,5,3
0.784,0.0003413,A5-3,5,3
0.771,0.00037037,A5-3,5,3
0.758,0.00039871,A5-3,5,3
0.745,0.00042669,A5-3,5,3
0.732,0.00045414,A5-3,5,3
0.719,0.00048139,A5-3,5,3
0.706,0.00050792,A5-3,5,3
0.693,0.0005335,A5-3,5,3
0.68,0.00055907,A5-3,5,3
0.667,0.00058386,A5-3,5,3
0.654,0.00060784,A5-3,5,3
0.641,0.00063157,A5-3,5,3
0.628,0.00065476,A5-3,5,3
0.615,0.00067653,A5-3,5,3
0.602,0.00069866,A5-3,5,3
0.589,0.00071973,A5-3,5,3
0.576,0.00074097,A5-3,5,3
0.563,0.0007612,A5-3,5,3
0.55,0.00078127,A5-3,5,3
0.537,0.0008001,A5-3,5,3
0.524,0.00081812,A5-3,5,3
0.511,0.00083692,A5-3,5,3
0.498,0.00085473,A5-3,5,3
0.485,0.00087237,A5-3,5,3
0.472,0.00088935,A5-3,5,3
0.459,0.00090558,A5-3,5,3
0.446,0.00092175,A5-3,5,3
0.433,0.00093713,A5-3,5,3
0.42,0.00095218,A5-3,5,3
0.407,0.0009672,A5-3,5,3
0.394,0.00098131,A5-3,5,3
0.381,0.00099478,A5-3,5,3
0.368,0.00100858,A5-3,5,3
0.355,0.00102113,A5-3,5,3
0.342,0.00103372,A5-3,5,3
0.329,0.00104663,A5-3,5,3
0.316,0.00105048,A5-3,5,3
0.303,0.00106082,A5-3,5,3
0.29,0.00107281,A5-3,5,3
0.277,0.00108448,A5-3,5,3
0.264,0.00109594,A5-3,5,3
0.251,0.00110646,A5-3,5,3
0.238,0.00111641,A5-3,5,3
0.225,0.0011263,A5-3,5,3
0.212,0.00113593,A5-3,5,3
0.199,0.0011451,A5-3,5,3
0.186,0.00115399,A5-3,5,3
0.173,0.00116206,A5-3,5,3
0.16,0.00117022,A5-3,5,3
0.147,0.00117789,A5-3,5,3
0.134,0.00118537,A5-3,5,3
0.121,0.00119206,A5-3,5,3
0.108,0.00119871,A5-3,5,3
0.095,0.00120522,A5-3,5,3
0.082,0.00121125,A5-3,5,3
0.069,0.00121747,A5-3,5,3
0.056,0.00122328,A5-3,5,3
0.043,0.00122903,A5-3,5,3
0.03,0.00123418,A5-3,5,3
0.017,0.00123946,A5-3,5,3
0.004,0.00124497,A5-3,5,3
-0.009,0.00125154,A5-3,5,3
-0.022,0.00125501,A5-3,5,3
-0.035,0.00125981,A5-3,5,3
-0.048,0.00126382,A5-3,5,3
-0.061,0.00126876,A5-3,5,3
-0.074,0.00127332,A5-3,5,3
-0.087,0.00127787,A5-3,5,3
-0.1,0.00128169,A5-3,5,3
1.2,-0.00065175,A5-4,5,4
1.187,-0.00059478,A5-4,5,4
1.174,-0.00053259,A5-4,5,4
1.161,-0.00046906,A5-4,5,4
1.148,-0.00040612,A5-4,5,4
1.135,-0.0003454,A5-4,5,4
1.122,-0.00028693,A5-4,5,4
1.109,-0.00023177,A5-4,5,4
1.096,-0.00018009,A5-4,5,4
1.083,-0.00013205,A5-4,5,4
1.07,-8.531e-05,A5-4,5,4
1.057,-4.535e-05,A5-4,5,4
1.044,-6.86e-06,A5-4,5,4
1.031,2.799e-05,A5-4,5,4
1.018,6.182e-05,A5-4,5,4
1.005,9.372e-05,A5-4,5,4
0.992,0.00011807,A5-4,5,4
0.979,0.00014826,A5-4,5,4
0.966,0.00017474,A5-4,5,4
0.953,0.00020253,A5-4,5,4
0.94,0.00022662,A5-4,5,4
0.927,0.00025288,A5-4,5,4
0.914,0.00027524,A5-4,5,4
0.901,0.00029835,A5-4,5,4
0.888,0.00032213,A5-4,5,4
0.875,0.00034445,A5-4,5,4
0.862,0.00036745,A5-4,5,4
0.849,0.00039074,A5-4,5,4
0.836,0.00041374,A5-4,5,4
0.823,0.00043813,A5-4,5,4
0.81,0.00046099,A5-4,5,4
0.797,0.00048357,A5-4,5,4
0.784,0.00050791,A5-4,5,4
0.771,0.0005317,A5-4,5,4
0.758,0.00055511,A5-4,5,4
0.745,0.0005774,A5-4,5,4
0.732,0.00060111,A5-4,5,4
0.719,0.00062471,A5-4,5,4
0.706,0.00064838,A5-4,5,4
0.693,0.00067345,A5-4,5,4
0.68,0.00069745,A5-4,5,4
0.667,0.00072067,A5-4,5,4
0.654,0.00074423,A5-4,5,4
0.641,0.00076744,A5-4,5,4
0.628,0.00079161,A5-4,5,4
0.615,0.00081438,A5-4,5,4
0.602,0.00083725,A5-4,5,4
0.589,0.00085884,A5-4,5,4
0.576,0.0008825,A5-4,5,4
0.563,0.00090458,A5-4,5,4
0.55,0.00092539,A5-4,5,4
0.537,0.00094665,A5-4,5,4
0.524,0.00096554,A5-4,5,4
0.511,0.00098612,A5-4,5,4
0.498,0.00100485,A5-4,5,4
0.485,0.0010225,A5-4,5,4
0.472,0.00104079,A5-4,5,4
0.459,0.00105019,A5-4,5,4
0.446,0.0010727,A5-4,5,4
0.433,0.0010816,A5-4,5,4
0.42,0.00109457,A5-4,5,4
0.407,0.00110874,A5-4,5,4
0.394,0.00112181,A5-4,5,4
0.381,0.00113487,A5-4,5,4
0.368,0.00114655,A5-4,5,4
0.355,0.00115604,A5-4,5,4
0.342,0.00116627,A5-4,5,4
0.329,0.00117539,A5-4,5,4
0.316,0.00118373,A5-4,5,4
0.303,0.0011917,A5-4,5,4
0.29,0.00119877,A5-4,5,4
0.277,0.00120414,A5-4,5,4
0.264,0.00121043,A5-4,5,4
0.251,0.00121546,A5-4,5,4
0.238,0.00122029,A5-4,5,4
0.225,0.00122607,A5-4,5,4
0.212,0.00123072,A5-4,5,4
0.199,0.0012348,A5-4,5,4
0.186,0.00123841,A5-4,5,4
0.173,0.00124162,A5-4,5,4
0.16,0.00124393,A5-4,5,4
0.147,0.0012483,A5-4,5,4
0.134,0.00125027,A5-4,5,4
0.121,0.00125373,A5-4,5,4
0.108,0.00125428,A5-4,5,4
0.095,0.00125663,A5-4,5,4
0.082,0.0012604,A5-4,5,4
0.069,0.00126252,A5-4,5,4
0.056,0.00126552,A5-4,5,4
0.043,0.00126846,A5-4,5,4
0.03,0.00127061,A5-4,5,4
0.017,0.00127294,A5-4,5,4
0.004,0.00127444,A5-4,5,4
-0.009,0.00127627,A5-4,5,4
-0.022,0.00127826,A5-4,5,4
-0.035,0.00127958,A5-4,5,4
-0.048,0.00128019,A5-4,5,4
-0.061,0.00128198,A5-4,5,4
-0.074,0.00128411,A5-4,5,4
-0.087,0.00128555,A5-4,5,4
-0.1,0.00128641,A5-4,5,4
1.2,-0.00074637,A5-5,5,5
1.187,-0.00068767,A5-5,5,5
1.174,-0.00062386,A5-5,5,5
1.161,-0.00055847,A5-5,5,5
1.148,-0.00049353,A5-5,5,5
1.135,-0.00043047,A5-5,5,5
1.122,-0.00036974,A5-5,5,5
1.109,-0.00031204,A5-5,5,5
1.096,-0.00025765,A5-5,5,5
1.083,-0.00020667,A5-5,5,5
1.07,-0.00015912,A5-5,5,5
1.057,-0.0001147,A5-5,5,5
1.044,-7.159e-05,A5-5,5,5
1.031,-3.486e-05,A5-5,5,5
1.018,2.3e-07,A5-5,5,5
1.005,3.167e-05,A5-5,5,5
0.992,6.331e-05,A5-5,5,5
0.979,9.296e-05,A5-5,5,5
0.966,0.00011443,A5-5,5,5
0.953,0.00014326,A5-5,5,5
0.94,0.00016953,A5-5,5,5
0.927,0.00019418,A5-5,5,5
0.914,0.00021761,A5-5,5,5
0.901,0.00023998,A5-5,5,5
0.888,0.00026174,A5-5,5,5
0.875,0.00028296,A5-5,5,5
0.862,0.00030362,A5-5,5,5
0.849,0.00032401,A5-5,5,5
0.836,0.00034402,A5-5,5,5
0.823,0.00036375,A5-5,5,5
0.81,0.00038301,A5-5,5,5
0.797,0.00040229,A5-5,5,5
0.784,0.00042137,A5-5,5,5
0.771,0.00044014,A5-5,5,5
0.758,0.00045892,A5-5,5,5
0.745,0.00047748,A5-5,5,5
0.732,0.00049581,A5-5,5,5
0.719,0.00051363,A5-5,5,5
0.706,0.00052965,A5-5,5,5
0.693,0.00054853,A5-5,5,5
0.68,0.00056616,A5-5,5,5
0.667,0.0005834,A5-5,5,5
0.654,0.00060032,A5-5,5,5
0.641,0.00061692,A5-5,5,5
0.628,0.00063192,A5-5,5,5
0.615,0.00064842,A5-5,5,5
0.602,0.00066429,A5-5,5,5
0.589,0.0006797,A5-5,5,5
0.576,0.00069436,A5-5,5,5
0.563,0.00070877,A5-5,5,5
0.55,0.00072296,A5-5,5,5
0.537,0.00073645,A5-5,5,5
0.524,0.00074864,A5-5,5,5
0.511,0.00076127,A5-5,5,5
0.498,0.00077333,A5-5,5,5
0.485,0.00078438,A5-5,5,5
0.472,0.0007949,A5-5,5,5
0.459,0.00080501,A5-5,5,5
0.446,0.00081397,A5-5,5,5
0.433,0.00082244,A5-5,5,5
0.42,0.00083052,A5-5,5,5
0.407,0.00083775,A5-5,5,5
0.394,0.00084417,A5-5,5,5
0.381,0.00085035,A5-5,5,5
0.368,0.00085595,A5-5,5,5
0.355,0.00086058,A5-5,5,5
0.342,0.00086497,A5-5,5,5
0.329,0.00086893,A5-5,5,5
0.316,0.00087287,A5-5,5,5
0.303,0.00087592,A5-5,5,5
0.29,0.00087856,A5-5,5,5
0.277,0.00088165,A5-5,5,5
0.264,0.00088438,A5-5,5,5
0.251,0.00088688,A5-5,5,5
0.238,0.00088892,A5-5,5,5
0.225,0.00089055,A5-5,5,5
0.212,0.00089257,A5-5,5,5
0.199,0.00089366,A5-5,5,5
0.186,0.00089531,A5-5,5,5
0.173,0.00089649,A5-5,5,5
0.16,0.00089833,A5-5,5,5
0.147,0.00089912,A5-5,5,5
0.134,0.00089996,A5-5,5,5
0.121,0.00090121,A5-5,5,5
0.108,0.00090239,A5-5,5,5
0.095,0.00090329,A5-5,5,5
0.082,0.00090459,A5-5,5,5
0.069,0.0009057,A5-5,5,5
0.056,0.00090658,A5-5,5,5
0.043,0.00090733,A5-5,5,5
0.03,0.00090823,A5-5,5,5
0.017,0.00090909,A5-5,5,5
0.004,0.00091018,A5-5,5,5
-0.009,0.00091094,A5-5,5,5
-0.022,0.00091141,A5-5,5,5
-0.035,0.00091221,A5-5,5,5
-0.048,0.0009127,A5-5,5,5
-0.061,0.00091371,A5-5,5,5
-0.074,0.00091429,A5-5,5,5
-0.087,0.0009149,A5-5,5,5
-0.1,0.00091592,A5-5,5,5
1.2,-7.731e-05,A6-2,6,2
1.187,-7.255e-05,A6-2,6,2
1.174,-6.714e-05,A6-2,6,2
1.161,-6.192e-05,A6-2,6,2
1.148,-5.652e-05,A6-2,6,2
1.135,-5.127e-05,A6-2,6,2
1.122,-4.618e-05,A6-2,6,2
1.109,-4.083e-05,A6-2,6,2
1.096,-3.535e-05,A6-2,6,2
1.083,-3.004e-05,A6-2,6,2
1.07,-2.46e-05,A6-2,6,2
1.057,-1.915e-05,A6-2,6,2
1.044,-1.376e-05,A6-2,6,2
1.031,-8.23e-06,A6-2,6,2
1.018,-2.79e-06,A6-2,6,2
1.005,2.7e-06,A6-2,6,2
0.992,8.17e-06,A6-2,6,2
0.979,1.384e-05,A6-2,6,2
0.966,1.935e-05,A6-2,6,2
0.953,2.462e-05,A6-2,6,2
0.94,3.009e-05,A6-2,6,2
0.927,3.624e-05,A6-2,6,2
0.914,4.175e-05,A6-2,6,2
0.901,4.741e-05,A6-2,6,2
0.888,5.313e-05,A6-2,6,2
0.875,5.923e-05,A6-2,6,2
0.862,6.52e-05,A6-2,6,2
0.849,7.119e-05,A6-2,6,2
0.836,7.665e-05,A6-2,6,2
0.823,8.218e-05,A6-2,6,2
0.81,8.874e-05,A6-2,6,2
0.797,9.55e-05,A6-2,6,2
0.784,0.00010181,A6-2,6,2
0.771,0.00023093,A6-2,6,2
0.758,0.0003456,A6-2,6,2
0.745,0.00032454,A6-2,6,2
0.732,0.00034958,A6-2,6,2
0.719,0.00031063,A6-2,6,2
0.706,0.00026868,A6-2,6,2
0.693,0.000283,A6-2,6,2
0.68,0.00029641,A6-2,6,2
0.667,0.00041498,A6-2,6,2
0.654,0.00047055,A6-2,6,2
0.641,0.00055295,A6-2,6,2
0.628,0.00059543,A6-2,6,2
0.615,0.00063017,A6-2,6,2
0.602,0.00065436,A6-2,6,2
0.589,0.0007588,A6-2,6,2
0.576,0.00078079,A6-2,6,2
0.563,0.0008108,A6-2,6,2
0.55,0.00083731,A6-2,6,2
0.537,0.00086351,A6-2,6,2
0.524,0.00088789,A6-2,6,2
0.511,0.00091686,A6-2,6,2
0.498,0.00094201,A6-2,6,2
0.485,0.0009625,A6-2,6,2
0.472,0.00097562,A6-2,6,2
0.459,0.00100738,A6-2,6,2
0.446,0.00102834,A6-2,6,2
0.433,0.00107341,A6-2,6,2
0.42,0.00109359,A6-2,6,2
0.407,0.00110662,A6-2,6,2
0.394,0.0011378,A6-2,6,2
0.381,0.00115878,A6-2,6,2
0.368,0.0011802,A6-2,6,2
0.355,0.00119218,A6-2,6,2
0.342,0.00121357,A6-2,6,2
0.329,0.00123317,A6-2,6,2
0.316,0.00125345,A6-2,6,2
0.303,0.00126524,A6-2,6,2
0.29,0.00128385,A6-2,6,2
0.277,0.00129948,A6-2,6,2
0.264,0.00130798,A6-2,6,2
0.251,0.00132948,A6-2,6,2
0.238,0.00133705,A6-2,6,2
0.225,0.00135023,A6-2,6,2
0.212,0.00137192,A6-2,6,2
0.199,0.00138025,A6-2,6,2
0.186,0.00138671,A6-2,6,2
0.173,0.00139502,A6-2,6,2
0.16,0.00140641,A6-2,6,2
0.147,0.00141701,A6-2,6,2
0.134,0.00142241,A6-2,6,2
0.121,0.00142872,A6-2,6,2
0.108,0.00143382,A6-2,6,2
0.095,0.00143975,A6-2,6,2
0.082,0.00144689,A6-2,6,2
0.069,0.00144961,A6-2,6,2
0.056,0.00145747,A6-2,6,2
0.043,0.00146147,A6-2,6,2
0.03,0.0014642,A6-2,6,2
0.017,0.0014685,A6-2,6,2
0.004,0.00147139,A6-2,6,2
-0.009,0.00147408,A6-2,6,2
-0.022,0.00147777,A6-2,6,2
-0.035,0.0014815,A6-2,6,2
-0.048,0.00148435,A6-2,6,2
-0.061,0.00148846,A6-2,6,2
-0.074,0.00149143,A6-2,6,2
-0.087,0.00149358,A6-2,6,2
-0.1,0.00149534,A6-2,6,2
1.2,-3.886e-05,A6-3,6,3
1.187,-3.614e-05,A6-3,6,3
1.174,-3.397e-05,A6-3,6,3
1.161,-3.151e-05,A6-3,6,3
1.148,-2.907e-05,A6-3,6,3
1.135,-2.666e-05,A6-3,6,3
1.122,-2.426e-05,A6-3,6,3
1.109,-2.195e-05,A6-3,6,3
1.096,-1.948e-05,A6-3,6,3
1.083,-1.72e-05,A6-3,6,3
1.07,-1.472e-05,A6-3,6,3
1.057,-1.236e-05,A6-3,6,3
1.044,-1.003e-05,A6-3,6,3
1.031,-7.53e-06,A6-3,6,3
1.018,-5.08e-06,A6-3,6,3
1.005,-2.75e-06,A6-3,6,3
0.992,-3.6e-07,A6-3,6,3
0.979,2.11e-06,A6-3,6,3
0.966,4.78e-06,A6-3,6,3
0.953,7.3e-06,A6-3,6,3
0.94,1.008e-05,A6-3,6,3
0.927,1.236e-05,A6-3,6,3
0.914,1.482e-05,A6-3,6,3
0.901,1.733e-05,A6-3,6,3
0.888,2.43e-05,A6-3,6,3
0.875,2.838e-05,A6-3,6,3
0.862,3.23e-05,A6-3,6,3
0.849,3.653e-05,A6-3,6,3
0.836,4.077e-05,A6-3,6,3
0.823,4.539e-05,A6-3,6,3
0.81,5.085e-05,A6-3,6,3
0.797,6.157e-05,A6-3,6,3
0.784,6.416e-05,A6-3,6,3
0.771,7.262e-05,A6-3,6,3
0.758,9.494e-05,A6-3,6,3
0.745,0.0001144,A6-3,6,3
0.732,0.00016102,A6-3,6,3
0.719,0.00017721,A6-3,6,3
0.706,0.00025692,A6-3,6,3
0.693,0.00028117,A6-3,6,3
0.68,0.00029848,A6-3,6,3
0.667,0.00029346,A6-3,6,3
0.654,0.00032794,A6-3,6,3
0.641,0.00036035,A6-3,6,3
0.628,0.00039194,A6-3,6,3
0.615,0.00045539,A6-3,6,3
0.602,0.00050275,A6-3,6,3
0.589,0.00056857,A6-3,6,3
0.576,0.00063682,A6-3,6,3
0.563,0.00069525,A6-3,6,3
0.55,0.00078261,A6-3,6,3
0.537,0.00083123,A6-3,6,3
0.524,0.00085389,A6-3,6,3
0.511,0.00089379,A6-3,6,3
0.498,0.00093885,A6-3,6,3
0.485,0.00096321,A6-3,6,3
0.472,0.00099351,A6-3,6,3
0.459,0.00101126,A6-3,6,3
0.446,0.00102537,A6-3,6,3
0.433,0.00104635,A6-3,6,3
0.42,0.00108403,A6-3,6,3
0.407,0.00110114,A6-3,6,3
0.394,0.0011336,A6-3,6,3
0.381,0.00115399,A6-3,6,3
0.368,0.00116921,A6-3,6,3
0.355,0.00121307,A6-3,6,3
0.342,0.0012395,A6-3,6,3
0.329,0.00125201,A6-3,6,3
0.316,0.00128619,A6-3,6,3
0.303,0.00130799,A6-3,6,3
0.29,0.00132391,A6-3,6,3
0.277,0.00135481,A6-3,6,3
0.264,0.00138393,A6-3,6,3
0.251,0.00139089,A6-3,6,3
0.238,0.00139338,A6-3,6,3
0.225,0.00142219,A6-3,6,3
0.212,0.00143927,A6-3,6,3
0.199,0.00145822,A6-3,6,3
0.186,0.00146158,A6-3,6,3
0.173,0.00148489,A6-3,6,3
0.16,0.00149346,A6-3,6,3
0.147,0.00149664,A6-3,6,3
0.134,0.00151256,A6-3,6,3
0.121,0.00152717,A6-3,6,3
0.108,0.00153033,A6-3,6,3
0.095,0.00154459,A6-3,6,3
0.082,0.00155324,A6-3,6,3
0.069,0.00156262,A6-3,6,3
0.056,0.00156988,A6-3,6,3
0.043,0.00158066,A6-3,6,3
0.03,0.00158596,A6-3,6,3
0.017,0.00159114,A6-3,6,3
0.004,0.00159724,A6-3,6,3
-0.009,0.0016048,A6-3,6,3
-0.022,0.00160832,A6-3,6,3
-0.035,0.00161133,A6-3,6,3
-0.048,0.00161523,A6-3,6,3
-0.061,0.00161852,A6-3,6,3
-0.074,0.00162154,A6-3,6,3
-0.087,0.00162452,A6-3,6,3
-0.1,0.0016269,A6-3,6,3
1.2,-6.96e-05,A6-4,6,4
1.187,-6.475e-05,A6-4,6,4
1.174,-5.965e-05,A6-4,6,4
1.161,-5.48e-05,A6-4,6,4
1.148,-4.852e-05,A6-4,6,4
1.135,-4.203e-05,A6-4,6,4
1.122,-3.519e-05,A6-4,6,4
1.109,-2.968e-05,A6-4,6,4
1.096,-2.418e-05,A6-4,6,4
1.083,-1.91e-05,A6-4,6,4
1.07,-1.335e-05,A6-4,6,4
1.057,-7.6e-06,A6-4,6,4
1.044,-2.71e-06,A6-4,6,4
1.031,1.87e-06,A6-4,6,4
1.018,5.85e-06,A6-4,6,4
1.005,7.02e-06,A6-4,6,4
0.992,1.071e-05,A6-4,6,4
0.979,1.426e-05,A6-4,6,4
0.966,1.791e-05,A6-4,6,4
0.953,2.158e-05,A6-4,6,4
0.94,2.909e-05,A6-4,6,4
0.927,3.294e-05,A6-4,6,4
0.914,4.968e-05,A6-4,6,4
0.901,5.635e-05,A6-4,6,4
0.888,6.712e-05,A6-4,6,4
0.875,7.588e-05,A6-4,6,4
0.862,8.197e-05,A6-4,6,4
0.849,0.00011074,A6-4,6,4
0.836,0.0001262,A6-4,6,4
0.823,0.00016886,A6-4,6,4
0.81,0.00019469,A6-4,6,4
0.797,0.0002175,A6-4,6,4
0.784,0.00024984,A6-4,6,4
0.771,0.00026861,A6-4,6,4
0.758,0.00029451,A6-4,6,4
0.745,0.00032104,A6-4,6,4
0.732,0.00037361,A6-4,6,4
0.719,0.00040653,A6-4,6,4
0.706,0.00043951,A6-4,6,4
0.693,0.00045683,A6-4,6,4
0.68,0.00046832,A6-4,6,4
0.667,0.00048239,A6-4,6,4
0.654,0.00049539,A6-4,6,4
0.641,0.00053333,A6-4,6,4
0.628,0.00055072,A6-4,6,4
0.615,0.00056978,A6-4,6,4
0.602,0.00060596,A6-4,6,4
0.589,0.00064139,A6-4,6,4
0.576,0.00068197,A6-4,6,4
0.563,0.0007118,A6-4,6,4
0.55,0.00073882,A6-4,6,4
0.537,0.00074437,A6-4,6,4
0.524,0.00076925,A6-4,6,4
0.511,0.00080158,A6-4,6,4
0.498,0.00084589,A6-4,6,4
0.485,0.00088244,A6-4,6,4
0.472,0.00089343,A6-4,6,4
0.459,0.00090807,A6-4,6,4
0.446,0.00093273,A6-4,6,4
0.433,0.00094711,A6-4,6,4
0.42,0.00098993,A6-4,6,4
0.407,0.0010022,A6-4,6,4
0.394,0.00101513,A6-4,6,4
0.381,0.00103333,A6-4,6,4
0.368,0.00105013,A6-4,6,4
0.355,0.00105224,A6-4,6,4
0.342,0.00107876,A6-4,6,4
0.329,0.00109431,A6-4,6,4
0.316,0.00110647,A6-4,6,4
0.303,0.00112284,A6-4,6,4
0.29,0.00113096,A6-4,6,4
0.277,0.00114882,A6-4,6,4
0.264,0.00117656,A6-4,6,4
0.251,0.00118549,A6-4,6,4
0.238,0.00119132,A6-4,6,4
0.225,0.00120026,A6-4,6,4
0.212,0.00120662,A6-4,6,4
0.199,0.00120932,A6-4,6,4
0.186,0.00122001,A6-4,6,4
0.173,0.00122578,A6-4,6,4
0.16,0.00123086,A6-4,6,4
0.147,0.00123523,A6-4,6,4
0.134,0.00123927,A6-4,6,4
0.121,0.00124293,A6-4,6,4
0.108,0.0012464,A6-4,6,4
0.095,0.00124931,A6-4,6,4
0.082,0.00125282,A6-4,6,4
0.069,0.00125549,A6-4,6,4
0.056,0.00125986,A6-4,6,4
0.043,0.00126189,A6-4,6,4
0.03,0.00126372,A6-4,6,4
0.017,0.00126589,A6-4,6,4
0.004,0.00126673,A6-4,6,4
-0.009,0.001269,A6-4,6,4
-0.022,0.00127019,A6-4,6,4
-0.035,0.00127239,A6-4,6,4
-0.048,0.00127362,A6-4,6,4
-0.061,0.00127439,A6-4,6,4
-0.074,0.00127553,A6-4,6,4
-0.087,0.00127709,A6-4,6,4
-0.1,0.00127795,A6-4,6,4
1.2,-7.041e-05,A6-5,6,5
1.187,-6.386e-05,A6-5,6,5
1.174,-5.753e-05,A6-5,6,5
1.161,-4.95e-05,A6-5,6,5
1.148,-4.31e-05,A6-5,6,5
1.135,-3.779e-05,A6-5,6,5
1.122,-3.254e-05,A6-5,6,5
1.109,-2.733e-05,A6-5,6,5
1.096,-2.212e-05,A6-5,6,5
1.083,-1.691e-05,A6-5,6,5
1.07,-1.168e-05,A6-5,6,5
1.057,-6.38e-06,A6-5,6,5
1.044,-1.29e-06,A6-5,6,5
1.031,3.42e-06,A6-5,6,5
1.018,8.32e-06,A6-5,6,5
1.005,1.328e-05,A6-5,6,5
0.992,1.818e-05,A6-5,6,5
0.979,2.362e-05,A6-5,6,5
0.966,3.217e-05,A6-5,6,5
0.953,4.259e-05,A6-5,6,5
0.94,5.375e-05,A6-5,6,5
0.927,6.507e-05,A6-5,6,5
0.914,7.504e-05,A6-5,6,5
0.901,8.331e-05,A6-5,6,5
0.888,0.00010944,A6-5,6,5
0.875,0.00012627,A6-5,6,5
0.862,0.00015259,A6-5,6,5
0.849,0.00017488,A6-5,6,5
0.836,0.00019954,A6-5,6,5
0.823,0.00021842,A6-5,6,5
0.81,0.00023647,A6-5,6,5
0.797,0.00026816,A6-5,6,5
0.784,0.00030786,A6-5,6,5
0.771,0.00035318,A6-5,6,5
0.758,0.00037864,A6-5,6,5
0.745,0.0004053,A6-5,6,5
0.732,0.00044357,A6-5,6,5
0.719,0.00047117,A6-5,6,5
0.706,0.00049609,A6-5,6,5
0.693,0.00056718,A6-5,6,5
0.68,0.00062512,A6-5,6,5
0.667,0.00065183,A6-5,6,5
0.654,0.00068127,A6-5,6,5
0.641,0.00071655,A6-5,6,5
0.628,0.00075504,A6-5,6,5
0.615,0.00078938,A6-5,6,5
0.602,0.00083726,A6-5,6,5
0.589,0.00087044,A6-5,6,5
0.576,0.00091421,A6-5,6,5
0.563,0.00094355,A6-5,6,5
0.55,0.00096877,A6-5,6,5
0.537,0.00098127,A6-5,6,5
0.524,0.0010467,A6-5,6,5
0.511,0.00103437,A6-5,6,5
0.498,0.00108508,A6-5,6,5
0.485,0.00112233,A6-5,6,5
0.472,0.00114981,A6-5,6,5
0.459,0.00117648,A6-5,6,5
0.446,0.00121681,A6-5,6,5
0.433,0.00123079,A6-5,6,5
0.42,0.0012696,A6-5,6,5
0.407,0.00130461,A6-5,6,5
0.394,0.00132331,A6-5,6,5
0.381,0.00130941,A6-5,6,5
0.368,0.00137661,A6-5,6,5
0.355,0.00139611,A6-5,6,5
0.342,0.00141465,A6-5,6,5
0.329,0.00143824,A6-5,6,5
0.316,0.00146258,A6-5,6,5
0.303,0.00147719,A6-5,6,5
0.29,0.00149196,A6-5,6,5
0.277,0.00150621,A6-5,6,5
0.264,0.00151827,A6-5,6,5
0.251,0.0015245,A6-5,6,5
0.238,0.00153433,A6-5,6,5
0.225,0.00154461,A6-5,6,5
0.212,0.00155486,A6-5,6,5
0.199,0.00156913,A6-5,6,5
0.186,0.0015756,A6-5,6,5
0.173,0.00158417,A6-5,6,5
0.16,0.0015888,A6-5,6,5
0.147,0.00159629,A6-5,6,5
0.134,0.00160101,A6-5,6,5
0.121,0.00160456,A6-5,6,5
0.108,0.00160812,A6-5,6,5
0.095,0.00161053,A6-5,6,5
0.082,0.00161414,A6-5,6,5
0.069,0.00161729,A6-5,6,5
0.056,0.00161849,A6-5,6,5
0.043,0.00162138,A6-5,6,5
0.03,0.00162358,A6-5,6,5
0.017,0.00162548,A6-5,6,5
0.004,0.00162795,A6-5,6,5
-0.009,0.00162993,A6-5,6,5
-0.022,0.00163162,A6-5,6,5
-0.035,0.00163243,A6-5,6,5
-0.048,0.00163419,A6-5,6,5
-0.061,0.00163495,A6-5,6,5
-0.074,0.00163653,A6-5,6,5
-0.087,0.00163764,A6-5,6,5
-0.1,0.00163926,A6-5,6,5
