Vmeas,Imeas,Jmeas (mA/cm2),name,substrate,position,batch
-0.1,0.00163781,21.27025974025974,A1-3-A,3,A,1
-0.087,0.00163746,21.26571428571429,A1-3-A,3,A,1
-0.074,0.00163749,21.266103896103893,A1-3-A,3,A,1
-0.061,0.00163676,21.256623376623377,A1-3-A,3,A,1
-0.048,0.00163656,21.254025974025975,A1-3-A,3,A,1
-0.035,0.00163563,21.24194805194805,A1-3-A,3,A,1
-0.022,0.0016351,21.235064935064937,A1-3-A,3,A,1
-0.009,0.00163492,21.232727272727274,A1-3-A,3,A,1
0.004,0.00163566,21.24233766233766,A1-3-A,3,A,1
0.017,0.00163443,21.226363636363637,A1-3-A,3,A,1
0.03,0.00163346,21.213766233766233,A1-3-A,3,A,1
0.043,0.00163313,21.209480519480522,A1-3-A,3,A,1
0.056,0.00163238,21.19974025974026,A1-3-A,3,A,1
0.069,0.00163204,21.195324675324677,A1-3-A,3,A,1
0.082,0.00163127,21.185324675324676,A1-3-A,3,A,1
0.095,0.00163046,21.174805194805195,A1-3-A,3,A,1
0.108,0.00162936,21.160519480519483,A1-3-A,3,A,1
0.121,0.00162917,21.15805194805195,A1-3-A,3,A,1
0.134,0.00162873,21.152337662337665,A1-3-A,3,A,1
0.147,0.00162787,21.14116883116883,A1-3-A,3,A,1
0.16,0.00162667,21.125584415584417,A1-3-A,3,A,1
0.173,0.0016258,21.114285714285714,A1-3-A,3,A,1
0.186,0.00162558,21.111428571428572,A1-3-A,3,A,1
0.199,0.00162479,21.10116883116883,A1-3-A,3,A,1
0.212,0.00162335,21.082467532467533,A1-3-A,3,A,1
0.225,0.00162222,21.06779220779221,A1-3-A,3,A,1
0.238,0.00162162,21.060000000000002,A1-3-A,3,A,1
0.251,0.0016206,21.046753246753248,A1-3-A,3,A,1
0.264,0.0016196,21.033766233766233,A1-3-A,3,A,1
0.277,0.00161827,21.016493506493507,A1-3-A,3,A,1
0.29,0.00161705,21.000649350649354,A1-3-A,3,A,1
0.303,0.00161558,20.98155844155844,A1-3-A,3,A,1
0.316,0.00161506,20.974805194805196,A1-3-A,3,A,1
0.329,0.00161358,20.95558441558442,A1-3-A,3,A,1
0.342,0.00161137,20.92688311688312,A1-3-A,3,A,1
0.355,0.00160993,20.90818181818182,A1-3-A,3,A,1
0.368,0.0016082,20.885714285714286,A1-3-A,3,A,1
0.381,0.00160618,20.85948051948052,A1-3-A,3,A,1
0.394,0.00160477,20.841168831168833,A1-3-A,3,A,1
0.407,0.00160256,20.812467532467533,A1-3-A,3,A,1
0.42,0.00160059,20.786883116883118,A1-3-A,3,A,1
0.433,0.00159812,20.754805194805193,A1-3-A,3,A,1
0.446,0.00159602,20.727532467532466,A1-3-A,3,A,1
0.459,0.00159342,20.693766233766233,A1-3-A,3,A,1
0.472,0.00159059,20.657012987012987,A1-3-A,3,A,1
0.485,0.00158751,20.617012987012988,A1-3-A,3,A,1
0.498,0.00158474,20.581038961038963,A1-3-A,3,A,1
0.511,0.00158262,20.553506493506497,A1-3-A,3,A,1
0.524,0.001579,20.50649350649351,A1-3-A,3,A,1
0.537,0.00157584,20.46545454545455,A1-3-A,3,A,1
0.55,0.00157164,20.41090909090909,A1-3-A,3,A,1
0.563,0.0015676,20.35844155844156,A1-3-A,3,A,1
0.576,0.00156343,20.304285714285715,A1-3-A,3,A,1
0.589,0.00155928,20.25038961038961,A1-3-A,3,A,1
0.602,0.00155473,20.191298701298702,A1-3-A,3,A,1
0.615,0.00154987,20.12818181818182,A1-3-A,3,A,1
0.628,0.00154358,20.046493506493505,A1-3-A,3,A,1
0.641,0.00153886,19.985194805194805,A1-3-A,3,A,1
0.654,0.00153303,19.909480519480518,A1-3-A,3,A,1
0.667,0.00152705,19.831818181818182,A1-3-A,3,A,1
0.68,0.0010853,14.094805194805195,A1-3-A,3,A,1
0.693,0.00151201,19.636493506493508,A1-3-A,3,A,1
0.706,0.00150495,19.544805194805196,A1-3-A,3,A,1
0.719,0.00149731,19.445584415584417,A1-3-A,3,A,1
0.732,0.00148966,19.34623376623377,A1-3-A,3,A,1
0.745,0.00149682,19.439220779220783,A1-3-A,3,A,1
0.758,0.0014847,19.28181818181818,A1-3-A,3,A,1
0.771,0.00147327,19.133376623376627,A1-3-A,3,A,1
0.784,0.00146048,18.967272727272725,A1-3-A,3,A,1
0.797,0.00144742,18.797662337662338,A1-3-A,3,A,1
0.81,0.00143338,18.615324675324672,A1-3-A,3,A,1
0.823,0.00141804,18.416103896103895,A1-3-A,3,A,1
0.836,0.00140184,18.205714285714283,A1-3-A,3,A,1
0.849,0.00138352,17.96779220779221,A1-3-A,3,A,1
0.862,0.00136334,17.705714285714286,A1-3-A,3,A,1
0.875,0.0013415,17.42207792207792,A1-3-A,3,A,1
0.888,0.00131721,17.106623376623375,A1-3-A,3,A,1
0.901,0.00129006,16.754025974025975,A1-3-A,3,A,1
0.914,0.00126004,16.364155844155846,A1-3-A,3,A,1
0.927,0.00122673,15.931558441558444,A1-3-A,3,A,1
0.94,0.00118963,15.449740259740258,A1-3-A,3,A,1
0.953,0.00114819,14.911558441558443,A1-3-A,3,A,1
0.966,0.00110208,14.312727272727274,A1-3-A,3,A,1
0.979,0.00105173,13.658831168831169,A1-3-A,3,A,1
0.992,0.00100305,13.026623376623377,A1-3-A,3,A,1
1.005,0.0009412,12.223376623376623,A1-3-A,3,A,1
1.018,0.00087478,11.360779220779222,A1-3-A,3,A,1
1.031,0.00080319,10.43103896103896,A1-3-A,3,A,1
1.044,0.00072677,9.438571428571429,A1-3-A,3,A,1
1.057,0.00064542,8.38207792207792,A1-3-A,3,A,1
1.07,0.00055944,7.265454545454546,A1-3-A,3,A,1
1.083,0.00046938,6.095844155844156,A1-3-A,3,A,1
1.096,0.00037508,4.8711688311688315,A1-3-A,3,A,1
1.109,0.00027689,3.5959740259740265,A1-3-A,3,A,1
1.122,0.00017528,2.2763636363636364,A1-3-A,3,A,1
1.135,7.387e-05,0.9593506493506493,A1-3-A,3,A,1
1.148,-3.504e-05,-0.4550649350649351,A1-3-A,3,A,1
1.161,-0.0001486,-1.92987012987013,A1-3-A,3,A,1
1.174,-0.00026501,-3.4416883116883117,A1-3-A,3,A,1
1.187,-0.00038433,-4.991298701298701,A1-3-A,3,A,1
1.2,-0.00050658,-6.5789610389610385,A1-3-A,3,A,1
-0.1,0.0016615,21.57792207792208,A1-3-B,3,B,1
-0.087,0.00166048,21.564675324675324,A1-3-B,3,B,1
-0.074,0.00165979,21.555714285714284,A1-3-B,3,B,1
-0.061,0.00165932,21.54961038961039,A1-3-B,3,B,1
-0.048,0.00165854,21.53948051948052,A1-3-B,3,B,1
-0.035,0.00165789,21.531038961038963,A1-3-B,3,B,1
-0.022,0.0016576,21.527272727272727,A1-3-B,3,B,1
-0.009,0.00165642,21.511948051948053,A1-3-B,3,B,1
0.004,0.00165639,21.511558441558442,A1-3-B,3,B,1
0.017,0.00165543,21.49909090909091,A1-3-B,3,B,1
0.03,0.00165408,21.481558441558445,A1-3-B,3,B,1
0.043,0.00165339,21.4725974025974,A1-3-B,3,B,1
0.056,0.00165213,21.456233766233765,A1-3-B,3,B,1
0.069,0.00165116,21.443636363636365,A1-3-B,3,B,1
0.082,0.00165055,21.435714285714287,A1-3-B,3,B,1
0.095,0.00164899,21.415454545454544,A1-3-B,3,B,1
0.108,0.00164838,21.407532467532466,A1-3-B,3,B,1
0.121,0.0016476,21.397402597402596,A1-3-B,3,B,1
0.134,0.00164588,21.375064935064934,A1-3-B,3,B,1
0.147,0.00164443,21.356233766233768,A1-3-B,3,B,1
0.16,0.00164332,21.34181818181818,A1-3-B,3,B,1
0.173,0.00164185,21.322727272727274,A1-3-B,3,B,1
0.186,0.00164004,21.29922077922078,A1-3-B,3,B,1
0.199,0.00163932,21.28987012987013,A1-3-B,3,B,1
0.212,0.0016375,21.266233766233768,A1-3-B,3,B,1
0.225,0.00163587,21.245064935064935,A1-3-B,3,B,1
0.238,0.0016334,21.212987012987014,A1-3-B,3,B,1
0.251,0.00163182,21.192467532467532,A1-3-B,3,B,1
0.264,0.0016301,21.17012987012987,A1-3-B,3,B,1
0.277,0.00162787,21.14116883116883,A1-3-B,3,B,1
0.29,0.00162586,21.115064935064936,A1-3-B,3,B,1
0.303,0.00162328,21.081558441558442,A1-3-B,3,B,1
0.316,0.0016206,21.046753246753248,A1-3-B,3,B,1
0.329,0.00161791,21.01181818181818,A1-3-B,3,B,1
0.342,0.00161563,20.98220779220779,A1-3-B,3,B,1
0.355,0.00161263,20.943246753246754,A1-3-B,3,B,1
0.368,0.00160902,20.89636363636364,A1-3-B,3,B,1
0.381,0.0016058,20.854545454545452,A1-3-B,3,B,1
0.394,0.00160205,20.805844155844156,A1-3-B,3,B,1
0.407,0.00159902,20.766493506493507,A1-3-B,3,B,1
0.42,0.00159512,20.715844155844156,A1-3-B,3,B,1
0.433,0.001591,20.662337662337663,A1-3-B,3,B,1
0.446,0.00158631,20.601428571428574,A1-3-B,3,B,1
0.459,0.00158142,20.53792207792208,A1-3-B,3,B,1
0.472,0.0015768,20.477922077922077,A1-3-B,3,B,1
0.485,0.00157172,20.411948051948052,A1-3-B,3,B,1
0.498,0.0015665,20.344155844155846,A1-3-B,3,B,1
0.511,0.00156083,20.270519480519482,A1-3-B,3,B,1
0.524,0.00155472,20.191168831168834,A1-3-B,3,B,1
0.537,0.0015482,20.106493506493507,A1-3-B,3,B,1
0.55,0.00154169,20.021948051948055,A1-3-B,3,B,1
0.563,0.00153494,19.934285714285714,A1-3-B,3,B,1
0.576,0.00152737,19.835974025974025,A1-3-B,3,B,1
0.589,0.00151982,19.73792207792208,A1-3-B,3,B,1
0.602,0.00151171,19.632597402597405,A1-3-B,3,B,1
0.615,0.00150315,19.521428571428572,A1-3-B,3,B,1
0.628,0.00149415,19.404545454545456,A1-3-B,3,B,1
0.641,0.00148468,19.28155844155844,A1-3-B,3,B,1
0.654,0.0014744,19.14805194805195,A1-3-B,3,B,1
0.667,0.00146421,19.01571428571429,A1-3-B,3,B,1
0.68,0.00145343,18.875714285714285,A1-3-B,3,B,1
0.693,0.00144187,18.725584415584418,A1-3-B,3,B,1
0.706,0.00142964,18.566753246753247,A1-3-B,3,B,1
0.719,0.00141712,18.404155844155845,A1-3-B,3,B,1
0.732,0.00140366,18.229350649350646,A1-3-B,3,B,1
0.745,0.00138954,18.04597402597403,A1-3-B,3,B,1
0.758,0.00137419,17.846623376623377,A1-3-B,3,B,1
0.771,0.00135811,17.63779220779221,A1-3-B,3,B,1
0.784,0.00134149,17.421948051948053,A1-3-B,3,B,1
0.797,0.00132303,17.182207792207794,A1-3-B,3,B,1
0.81,0.00130426,16.93844155844156,A1-3-B,3,B,1
0.823,0.00128383,16.673116883116883,A1-3-B,3,B,1
0.836,0.001262,16.389610389610393,A1-3-B,3,B,1
0.849,0.00123856,16.085194805194806,A1-3-B,3,B,1
0.862,0.00121339,15.75831168831169,A1-3-B,3,B,1
0.875,0.00118626,15.405974025974027,A1-3-B,3,B,1
0.888,0.00115711,15.027402597402599,A1-3-B,3,B,1
0.901,0.00112607,14.624285714285715,A1-3-B,3,B,1
0.914,0.00109192,14.18077922077922,A1-3-B,3,B,1
0.927,0.00105509,13.702467532467534,A1-3-B,3,B,1
0.94,0.00101576,13.191688311688312,A1-3-B,3,B,1
0.953,0.00098236,12.757922077922078,A1-3-B,3,B,1
0.966,0.00093405,12.13051948051948,A1-3-B,3,B,1
0.979,0.0008829,11.466233766233767,A1-3-B,3,B,1
0.992,0.00082851,10.75987012987013,A1-3-B,3,B,1
1.005,0.00077039,10.005064935064937,A1-3-B,3,B,1
1.018,0.00070835,9.199350649350649,A1-3-B,3,B,1
1.031,0.00064244,8.343376623376622,A1-3-B,3,B,1
1.044,0.00057234,7.432987012987013,A1-3-B,3,B,1
1.057,0.00049839,6.472597402597404,A1-3-B,3,B,1
1.07,0.00042055,5.461688311688311,A1-3-B,3,B,1
1.083,0.00033924,4.405714285714286,A1-3-B,3,B,1
1.096,0.00025431,3.3027272727272727,A1-3-B,3,B,1
1.109,0.00016603,2.1562337662337665,A1-3-B,3,B,1
1.122,8.01e-05,1.0402597402597402,A1-3-B,3,B,1
1.135,-1.562e-05,-0.20285714285714287,A1-3-B,3,B,1
1.148,-0.00010673,-1.3861038961038963,A1-3-B,3,B,1
1.161,-0.00020871,-2.7105194805194808,A1-3-B,3,B,1
1.174,-0.00031295,-4.064285714285714,A1-3-B,3,B,1
1.187,-0.00041948,-5.447792207792208,A1-3-B,3,B,1
1.2,-0.00052838,-6.862077922077921,A1-3-B,3,B,1
-0.1,0.00169104,21.96155844155844,A1-3-C,3,C,1
-0.087,0.00169006,21.94883116883117,A1-3-C,3,C,1
-0.074,0.00168946,21.941038961038963,A1-3-C,3,C,1
-0.061,0.001689,21.935064935064936,A1-3-C,3,C,1
-0.048,0.00168833,21.926363636363636,A1-3-C,3,C,1
-0.035,0.0016875,21.915584415584416,A1-3-C,3,C,1
-0.022,0.00168739,21.914155844155843,A1-3-C,3,C,1
-0.009,0.00168656,21.903376623376623,A1-3-C,3,C,1
0.004,0.00168675,21.905844155844157,A1-3-C,3,C,1
0.017,0.00168605,21.896753246753246,A1-3-C,3,C,1
0.03,0.001685,21.883116883116884,A1-3-C,3,C,1
0.043,0.00168418,21.87246753246753,A1-3-C,3,C,1
0.056,0.00168358,21.864675324675325,A1-3-C,3,C,1
0.069,0.00168243,21.84974025974026,A1-3-C,3,C,1
0.082,0.00168186,21.842337662337663,A1-3-C,3,C,1
0.095,0.00168099,21.83103896103896,A1-3-C,3,C,1
0.108,0.00168008,21.819220779220778,A1-3-C,3,C,1
0.121,0.00167911,21.806623376623374,A1-3-C,3,C,1
0.134,0.00167857,21.79961038961039,A1-3-C,3,C,1
0.147,0.00167714,21.78103896103896,A1-3-C,3,C,1
0.16,0.00167608,21.767272727272726,A1-3-C,3,C,1
0.173,0.00167509,21.754415584415586,A1-3-C,3,C,1
0.186,0.00167437,21.74506493506493,A1-3-C,3,C,1
0.199,0.00167286,21.725454545454543,A1-3-C,3,C,1
0.212,0.00167212,21.715844155844156,A1-3-C,3,C,1
0.225,0.00167047,21.694415584415587,A1-3-C,3,C,1
0.238,0.00166907,21.676233766233768,A1-3-C,3,C,1
0.251,0.00166796,21.66181818181818,A1-3-C,3,C,1
0.264,0.00166653,21.643246753246753,A1-3-C,3,C,1
0.277,0.00166535,21.627922077922076,A1-3-C,3,C,1
0.29,0.00166358,21.604935064935066,A1-3-C,3,C,1
0.303,0.0016617,21.580519480519477,A1-3-C,3,C,1
0.316,0.00165989,21.55701298701299,A1-3-C,3,C,1
0.329,0.00165796,21.531948051948053,A1-3-C,3,C,1
0.342,0.00165591,21.505324675324676,A1-3-C,3,C,1
0.355,0.0016539,21.47922077922078,A1-3-C,3,C,1
0.368,0.00165201,21.454675324675325,A1-3-C,3,C,1
0.381,0.00164971,21.424805194805195,A1-3-C,3,C,1
0.394,0.00164715,21.39155844155844,A1-3-C,3,C,1
0.407,0.00164477,21.360649350649354,A1-3-C,3,C,1
0.42,0.00164208,21.325714285714284,A1-3-C,3,C,1
0.433,0.00163909,21.286883116883118,A1-3-C,3,C,1
0.446,0.00163578,21.243896103896105,A1-3-C,3,C,1
0.459,0.00163258,21.202337662337662,A1-3-C,3,C,1
0.472,0.00162906,21.15662337662338,A1-3-C,3,C,1
0.485,0.00162504,21.104415584415584,A1-3-C,3,C,1
0.498,0.00162115,21.053896103896108,A1-3-C,3,C,1
0.511,0.00161726,21.00337662337662,A1-3-C,3,C,1
0.524,0.00161346,20.95402597402597,A1-3-C,3,C,1
0.537,0.00160875,20.892857142857142,A1-3-C,3,C,1
0.55,0.00160359,20.825844155844155,A1-3-C,3,C,1
0.563,0.00159837,20.75805194805195,A1-3-C,3,C,1
0.576,0.00159299,20.68818181818182,A1-3-C,3,C,1
0.589,0.0015878,20.620779220779223,A1-3-C,3,C,1
0.602,0.00158158,20.54,A1-3-C,3,C,1
0.615,0.00157525,20.45779220779221,A1-3-C,3,C,1
0.628,0.0015689,20.375324675324674,A1-3-C,3,C,1
0.641,0.0015615,20.27922077922078,A1-3-C,3,C,1
0.654,0.00155407,20.182727272727274,A1-3-C,3,C,1
0.667,0.00154608,20.07896103896104,A1-3-C,3,C,1
0.68,0.00153743,19.966623376623378,A1-3-C,3,C,1
0.693,0.00152856,19.85142857142857,A1-3-C,3,C,1
0.706,0.00151913,19.72896103896104,A1-3-C,3,C,1
0.719,0.00150852,19.59116883116883,A1-3-C,3,C,1
0.732,0.00149806,19.45532467532468,A1-3-C,3,C,1
0.745,0.00148634,19.303116883116886,A1-3-C,3,C,1
0.758,0.00147392,19.141818181818184,A1-3-C,3,C,1
0.771,0.00146049,18.967402597402597,A1-3-C,3,C,1
0.784,0.00144609,18.78038961038961,A1-3-C,3,C,1
0.797,0.00143079,18.58168831168831,A1-3-C,3,C,1
0.81,0.00141396,18.363116883116884,A1-3-C,3,C,1
0.823,0.0013955,18.123376623376625,A1-3-C,3,C,1
0.836,0.00137582,17.867792207792206,A1-3-C,3,C,1
0.849,0.00135458,17.59194805194805,A1-3-C,3,C,1
0.862,0.00133057,17.280129870129873,A1-3-C,3,C,1
0.875,0.0013051,16.94935064935065,A1-3-C,3,C,1
0.888,0.00127681,16.581948051948054,A1-3-C,3,C,1
0.901,0.00124587,16.18012987012987,A1-3-C,3,C,1
0.914,0.0012122,15.742857142857146,A1-3-C,3,C,1
0.927,0.00117527,15.263246753246753,A1-3-C,3,C,1
0.94,0.00113433,14.731558441558441,A1-3-C,3,C,1
0.953,0.00108968,14.15168831168831,A1-3-C,3,C,1
0.966,0.00104093,13.518571428571429,A1-3-C,3,C,1
0.979,0.00099914,12.975844155844156,A1-3-C,3,C,1
0.992,0.00093928,12.198441558441559,A1-3-C,3,C,1
1.005,0.00087581,11.374155844155844,A1-3-C,3,C,1
1.018,0.00080793,10.492597402597402,A1-3-C,3,C,1
1.031,0.00073545,9.551298701298702,A1-3-C,3,C,1
1.044,0.00065814,8.547272727272729,A1-3-C,3,C,1
1.057,0.00057642,7.485974025974026,A1-3-C,3,C,1
1.07,0.00049007,6.364545454545454,A1-3-C,3,C,1
1.083,0.00039949,5.1881818181818184,A1-3-C,3,C,1
1.096,0.00030481,3.9585714285714286,A1-3-C,3,C,1
1.109,0.0002063,2.6792207792207794,A1-3-C,3,C,1
1.122,0.00010394,1.3498701298701299,A1-3-C,3,C,1
1.135,4.35e-06,0.05649350649350649,A1-3-C,3,C,1
1.148,-9.238e-05,-1.1997402597402598,A1-3-C,3,C,1
1.161,-0.00020556,-2.6696103896103898,A1-3-C,3,C,1
1.174,-0.00032471,-4.217012987012987,A1-3-C,3,C,1
1.187,-0.00044602,-5.7924675324675325,A1-3-C,3,C,1
1.2,-0.00056956,-7.396883116883116,A1-3-C,3,C,1
-0.1,0.00172337,22.381428571428568,A1-3-D,3,D,1
-0.087,0.00172295,22.375974025974024,A1-3-D,3,D,1
-0.074,0.00172338,22.381558441558443,A1-3-D,3,D,1
-0.061,0.001723,22.376623376623378,A1-3-D,3,D,1
-0.048,0.00172284,22.374545454545455,A1-3-D,3,D,1
-0.035,0.00172242,22.369090909090907,A1-3-D,3,D,1
-0.022,0.00172257,22.371038961038963,A1-3-D,3,D,1
-0.009,0.00172225,22.36688311688312,A1-3-D,3,D,1
0.004,0.00172284,22.374545454545455,A1-3-D,3,D,1
0.017,0.00172178,22.36077922077922,A1-3-D,3,D,1
0.03,0.00172173,22.36012987012987,A1-3-D,3,D,1
0.043,0.00172169,22.35961038961039,A1-3-D,3,D,1
0.056,0.00172093,22.349740259740262,A1-3-D,3,D,1
0.069,0.00172006,22.33844155844156,A1-3-D,3,D,1
0.082,0.00171966,22.333246753246755,A1-3-D,3,D,1
0.095,0.00171985,22.335714285714285,A1-3-D,3,D,1
0.108,0.0017191,22.325974025974027,A1-3-D,3,D,1
0.121,0.00171877,22.321688311688312,A1-3-D,3,D,1
0.134,0.00171778,22.30883116883117,A1-3-D,3,D,1
0.147,0.00171716,22.30077922077922,A1-3-D,3,D,1
0.16,0.00171725,22.301948051948052,A1-3-D,3,D,1
0.173,0.00171638,22.290649350649353,A1-3-D,3,D,1
0.186,0.00171563,22.280909090909095,A1-3-D,3,D,1
0.199,0.00171511,22.274155844155842,A1-3-D,3,D,1
0.212,0.00171455,22.26688311688312,A1-3-D,3,D,1
0.225,0.00171381,22.25727272727273,A1-3-D,3,D,1
0.238,0.00171277,22.243766233766234,A1-3-D,3,D,1
0.251,0.00171213,22.235454545454548,A1-3-D,3,D,1
0.264,0.0017114,22.22597402597403,A1-3-D,3,D,1
0.277,0.00171079,22.218051948051947,A1-3-D,3,D,1
0.29,0.00170929,22.19857142857143,A1-3-D,3,D,1
0.303,0.00170882,22.192467532467532,A1-3-D,3,D,1
0.316,0.00170796,22.1812987012987,A1-3-D,3,D,1
0.329,0.00170738,22.173766233766237,A1-3-D,3,D,1
0.342,0.00170591,22.154675324675324,A1-3-D,3,D,1
0.355,0.00170486,22.141038961038962,A1-3-D,3,D,1
0.368,0.00170374,22.126493506493507,A1-3-D,3,D,1
0.381,0.0017025,22.11038961038961,A1-3-D,3,D,1
0.394,0.00170135,22.095454545454544,A1-3-D,3,D,1
0.407,0.00170023,22.080909090909092,A1-3-D,3,D,1
0.42,0.00169861,22.05987012987013,A1-3-D,3,D,1
0.433,0.00169715,22.04090909090909,A1-3-D,3,D,1
0.446,0.00169485,22.01103896103896,A1-3-D,3,D,1
0.459,0.00169323,21.99,A1-3-D,3,D,1
0.472,0.00169162,21.96909090909091,A1-3-D,3,D,1
0.485,0.00169089,21.95961038961039,A1-3-D,3,D,1
0.498,0.00168782,21.919740259740262,A1-3-D,3,D,1
0.511,0.00168558,21.89064935064935,A1-3-D,3,D,1
0.524,0.00168347,21.863246753246756,A1-3-D,3,D,1
0.537,0.00168068,21.827012987012985,A1-3-D,3,D,1
0.55,0.00167829,21.79597402597403,A1-3-D,3,D,1
0.563,0.00167505,21.753896103896107,A1-3-D,3,D,1
0.576,0.00167176,21.71116883116883,A1-3-D,3,D,1
0.589,0.00166826,21.665714285714284,A1-3-D,3,D,1
0.602,0.0016654,21.62857142857143,A1-3-D,3,D,1
0.615,0.00166115,21.573376623376625,A1-3-D,3,D,1
0.628,0.0016569,21.51818181818182,A1-3-D,3,D,1
0.641,0.00165183,21.452337662337662,A1-3-D,3,D,1
0.654,0.00164591,21.375454545454545,A1-3-D,3,D,1
0.667,0.0016409,21.310389610389613,A1-3-D,3,D,1
0.68,0.0016349,21.23246753246753,A1-3-D,3,D,1
0.693,0.0016271,21.131168831168832,A1-3-D,3,D,1
0.706,0.00161942,21.031428571428574,A1-3-D,3,D,1
0.719,0.001611,20.92207792207792,A1-3-D,3,D,1
0.732,0.00160179,20.802467532467535,A1-3-D,3,D,1
0.745,0.00159156,20.669610389610387,A1-3-D,3,D,1
0.758,0.00158,20.51948051948052,A1-3-D,3,D,1
0.771,0.00156755,20.357792207792208,A1-3-D,3,D,1
0.784,0.00155387,20.180129870129868,A1-3-D,3,D,1
0.797,0.00153833,19.978311688311692,A1-3-D,3,D,1
0.81,0.00152105,19.753896103896103,A1-3-D,3,D,1
0.823,0.00150159,19.50116883116883,A1-3-D,3,D,1
0.836,0.00148055,19.227922077922077,A1-3-D,3,D,1
0.849,0.00145634,18.913506493506492,A1-3-D,3,D,1
0.862,0.00142975,18.56818181818182,A1-3-D,3,D,1
0.875,0.00140006,18.182597402597406,A1-3-D,3,D,1
0.888,0.001367,17.753246753246753,A1-3-D,3,D,1
0.901,0.0013301,17.274025974025978,A1-3-D,3,D,1
0.914,0.00129051,16.759870129870126,A1-3-D,3,D,1
0.927,0.00124484,16.16675324675325,A1-3-D,3,D,1
0.94,0.00119508,15.520519480519482,A1-3-D,3,D,1
0.953,0.00114032,14.80935064935065,A1-3-D,3,D,1
0.966,0.00108065,14.034415584415585,A1-3-D,3,D,1
0.979,0.00101513,13.183506493506494,A1-3-D,3,D,1
0.992,0.0009758,12.672727272727274,A1-3-D,3,D,1
1.005,0.00089487,11.621688311688311,A1-3-D,3,D,1
1.018,0.00080888,10.504935064935065,A1-3-D,3,D,1
1.031,0.00071754,9.3187012987013,A1-3-D,3,D,1
1.044,0.00062058,8.05948051948052,A1-3-D,3,D,1
1.057,0.00051744,6.72,A1-3-D,3,D,1
1.07,0.0004084,5.303896103896104,A1-3-D,3,D,1
1.083,0.00029354,3.8122077922077926,A1-3-D,3,D,1
1.096,0.00017289,2.2453246753246754,A1-3-D,3,D,1
1.109,6.575e-05,0.8538961038961039,A1-3-D,3,D,1
1.122,-6.959e-05,-0.9037662337662338,A1-3-D,3,D,1
1.135,-0.00018184,-2.361558441558442,A1-3-D,3,D,1
1.148,-0.00033097,-4.298311688311688,A1-3-D,3,D,1
1.161,-0.00048411,-6.287142857142857,A1-3-D,3,D,1
1.174,-0.00064137,-8.32948051948052,A1-3-D,3,D,1
1.187,-0.00080266,-10.424155844155843,A1-3-D,3,D,1
1.2,-0.00096753,-12.565324675324675,A1-3-D,3,D,1
-0.1,0.00170521,22.145584415584416,A1-3-E,3,E,1
-0.087,0.00170265,22.112337662337662,A1-3-E,3,E,1
-0.074,0.0017002,22.08051948051948,A1-3-E,3,E,1
-0.061,0.00169795,22.051298701298702,A1-3-E,3,E,1
-0.048,0.0016957,22.022077922077923,A1-3-E,3,E,1
-0.035,0.00169346,21.99298701298701,A1-3-E,3,E,1
-0.022,0.00169184,21.97194805194805,A1-3-E,3,E,1
-0.009,0.00168977,21.945064935064934,A1-3-E,3,E,1
0.004,0.00168856,21.92935064935065,A1-3-E,3,E,1
0.017,0.00168493,21.882207792207794,A1-3-E,3,E,1
0.03,0.00168227,21.84766233766234,A1-3-E,3,E,1
0.043,0.00167979,21.815454545454546,A1-3-E,3,E,1
0.056,0.00167703,21.77961038961039,A1-3-E,3,E,1
0.069,0.00167452,21.747012987012987,A1-3-E,3,E,1
0.082,0.00167137,21.706103896103897,A1-3-E,3,E,1
0.095,0.00166793,21.661428571428573,A1-3-E,3,E,1
0.108,0.00166405,21.61103896103896,A1-3-E,3,E,1
0.121,0.00165994,21.557662337662336,A1-3-E,3,E,1
0.134,0.00165585,21.504545454545454,A1-3-E,3,E,1
0.147,0.00165132,21.44571428571429,A1-3-E,3,E,1
0.16,0.00164636,21.3812987012987,A1-3-E,3,E,1
0.173,0.00164117,21.313896103896102,A1-3-E,3,E,1
0.186,0.00163653,21.253636363636364,A1-3-E,3,E,1
0.199,0.00163021,21.171558441558442,A1-3-E,3,E,1
0.212,0.00162462,21.09896103896104,A1-3-E,3,E,1
0.225,0.00161865,21.02142857142857,A1-3-E,3,E,1
0.238,0.00161235,20.93961038961039,A1-3-E,3,E,1
0.251,0.00160577,20.854155844155844,A1-3-E,3,E,1
0.264,0.00159921,20.768961038961038,A1-3-E,3,E,1
0.277,0.00159269,20.684285714285714,A1-3-E,3,E,1
0.29,0.00158477,20.581428571428575,A1-3-E,3,E,1
0.303,0.00157754,20.48753246753247,A1-3-E,3,E,1
0.316,0.00156899,20.376493506493507,A1-3-E,3,E,1
0.329,0.00156036,20.264415584415588,A1-3-E,3,E,1
0.342,0.00155173,20.152337662337665,A1-3-E,3,E,1
0.355,0.00154413,20.053636363636365,A1-3-E,3,E,1
0.368,0.00153359,19.91675324675325,A1-3-E,3,E,1
0.381,0.00152508,19.806233766233767,A1-3-E,3,E,1
0.394,0.00151585,19.686363636363637,A1-3-E,3,E,1
0.407,0.0015053,19.54935064935065,A1-3-E,3,E,1
0.42,0.00149482,19.413246753246757,A1-3-E,3,E,1
0.433,0.00148556,19.292987012987012,A1-3-E,3,E,1
0.446,0.00147483,19.153636363636366,A1-3-E,3,E,1
0.459,0.00146391,19.01181818181818,A1-3-E,3,E,1
0.472,0.00145187,18.855454545454545,A1-3-E,3,E,1
0.485,0.00144104,18.714805194805194,A1-3-E,3,E,1
0.498,0.00142871,18.554675324675326,A1-3-E,3,E,1
0.511,0.0014166,18.3974025974026,A1-3-E,3,E,1
0.524,0.00140449,18.24012987012987,A1-3-E,3,E,1
0.537,0.00139192,18.076883116883117,A1-3-E,3,E,1
0.55,0.00137962,17.917142857142856,A1-3-E,3,E,1
0.563,0.00136582,17.73792207792208,A1-3-E,3,E,1
0.576,0.00135331,17.575454545454544,A1-3-E,3,E,1
0.589,0.00134085,17.413636363636364,A1-3-E,3,E,1
0.602,0.00132558,17.215324675324677,A1-3-E,3,E,1
0.615,0.00131031,17.017012987012986,A1-3-E,3,E,1
0.628,0.00129446,16.811168831168832,A1-3-E,3,E,1
0.641,0.00128038,16.62831168831169,A1-3-E,3,E,1
0.654,0.00126507,16.42948051948052,A1-3-E,3,E,1
0.667,0.00124934,16.225194805194803,A1-3-E,3,E,1
0.68,0.00123331,16.01701298701299,A1-3-E,3,E,1
0.693,0.00121639,15.797272727272725,A1-3-E,3,E,1
0.706,0.00119725,15.548701298701298,A1-3-E,3,E,1
0.719,0.00117985,15.322727272727274,A1-3-E,3,E,1
0.732,0.00116006,15.065714285714286,A1-3-E,3,E,1
0.745,0.00114137,14.822987012987014,A1-3-E,3,E,1
0.758,0.00111867,14.52818181818182,A1-3-E,3,E,1
0.771,0.00109731,14.25077922077922,A1-3-E,3,E,1
0.784,0.00107451,13.954675324675327,A1-3-E,3,E,1
0.797,0.00105007,13.637272727272727,A1-3-E,3,E,1
0.81,0.00102565,13.32012987012987,A1-3-E,3,E,1
0.823,0.00101448,13.175064935064933,A1-3-E,3,E,1
0.836,0.00098265,12.761688311688312,A1-3-E,3,E,1
0.849,0.0009511,12.351948051948051,A1-3-E,3,E,1
0.862,0.00091733,11.913376623376623,A1-3-E,3,E,1
0.875,0.00088293,11.466623376623376,A1-3-E,3,E,1
0.888,0.00084413,10.962727272727273,A1-3-E,3,E,1
0.901,0.00080326,10.431948051948051,A1-3-E,3,E,1
0.914,0.00075753,9.838051948051948,A1-3-E,3,E,1
0.927,0.00070874,9.204415584415583,A1-3-E,3,E,1
0.94,0.00065682,8.530129870129871,A1-3-E,3,E,1
0.953,0.00060136,7.80987012987013,A1-3-E,3,E,1
0.966,0.00054221,7.041688311688311,A1-3-E,3,E,1
0.979,0.00047586,6.18,A1-3-E,3,E,1
0.992,0.00040338,5.238701298701299,A1-3-E,3,E,1
1.005,0.00032538,4.225714285714286,A1-3-E,3,E,1
1.018,0.00024462,3.1768831168831175,A1-3-E,3,E,1
1.031,0.00015342,1.9924675324675327,A1-3-E,3,E,1
1.044,8.18e-05,1.0623376623376624,A1-3-E,3,E,1
1.057,-2.381e-05,-0.30922077922077923,A1-3-E,3,E,1
1.07,-7.898e-05,-1.0257142857142858,A1-3-E,3,E,1
1.083,-0.00020497,-2.6619480519480523,A1-3-E,3,E,1
1.096,-0.00033565,-4.3590909090909085,A1-3-E,3,E,1
1.109,-0.00047129,-6.120649350649352,A1-3-E,3,E,1
1.122,-0.00061255,-7.955194805194806,A1-3-E,3,E,1
1.135,-0.00075701,-9.831298701298701,A1-3-E,3,E,1
1.148,-0.00090788,-11.790649350649351,A1-3-E,3,E,1
1.161,-0.00104161,-13.527402597402599,A1-3-E,3,E,1
1.174,-0.00120692,-15.674285714285714,A1-3-E,3,E,1
1.187,-0.00137215,-17.82012987012987,A1-3-E,3,E,1
1.2,-0.00154367,-20.04766233766234,A1-3-E,3,E,1
-0.1,0.00187407,24.338571428571427,A1-4-A,4,A,1
-0.087,0.00187062,24.293766233766235,A1-4-A,4,A,1
-0.074,0.00186744,24.25246753246753,A1-4-A,4,A,1
-0.061,0.00186334,24.199220779220777,A1-4-A,4,A,1
-0.048,0.00185843,24.135454545454547,A1-4-A,4,A,1
-0.035,0.00185454,24.084935064935067,A1-4-A,4,A,1
-0.022,0.00185095,24.038311688311687,A1-4-A,4,A,1
-0.009,0.00184435,23.9525974025974,A1-4-A,4,A,1
0.004,0.00184035,23.90064935064935,A1-4-A,4,A,1
0.017,0.00183534,23.835584415584414,A1-4-A,4,A,1
0.03,0.00182996,23.765714285714285,A1-4-A,4,A,1
0.043,0.00182576,23.711168831168834,A1-4-A,4,A,1
0.056,0.0018211,23.65064935064935,A1-4-A,4,A,1
0.069,0.00181848,23.616623376623373,A1-4-A,4,A,1
0.082,0.00181453,23.56532467532468,A1-4-A,4,A,1
0.095,0.00180894,23.492727272727272,A1-4-A,4,A,1
0.108,0.00180417,23.430779220779222,A1-4-A,4,A,1
0.121,0.00179874,23.36025974025974,A1-4-A,4,A,1
0.134,0.00179391,23.297532467532466,A1-4-A,4,A,1
0.147,0.0017899,23.24545454545455,A1-4-A,4,A,1
0.16,0.00178574,23.19142857142857,A1-4-A,4,A,1
0.173,0.00178159,23.137532467532466,A1-4-A,4,A,1
0.186,0.00177702,23.07818181818182,A1-4-A,4,A,1
0.199,0.00177111,23.001428571428573,A1-4-A,4,A,1
0.212,0.00176694,22.94727272727273,A1-4-A,4,A,1
0.225,0.00176183,22.88090909090909,A1-4-A,4,A,1
0.238,0.0017572,22.820779220779222,A1-4-A,4,A,1
0.251,0.00175441,22.784545454545455,A1-4-A,4,A,1
0.264,0.00174888,22.712727272727275,A1-4-A,4,A,1
0.277,0.00174395,22.6487012987013,A1-4-A,4,A,1
0.29,0.00173838,22.576363636363638,A1-4-A,4,A,1
0.303,0.00173358,22.514025974025973,A1-4-A,4,A,1
0.316,0.0017277,22.437662337662335,A1-4-A,4,A,1
0.329,0.00172177,22.360649350649354,A1-4-A,4,A,1
0.342,0.00171536,22.2774025974026,A1-4-A,4,A,1
0.355,0.00170946,22.20077922077922,A1-4-A,4,A,1
0.368,0.00170385,22.12792207792208,A1-4-A,4,A,1
0.381,0.00169712,22.04051948051948,A1-4-A,4,A,1
0.394,0.00168945,21.94090909090909,A1-4-A,4,A,1
0.407,0.00168289,21.85571428571429,A1-4-A,4,A,1
0.42,0.00167634,21.77064935064935,A1-4-A,4,A,1
0.433,0.0016689,21.674025974025973,A1-4-A,4,A,1
0.446,0.00166194,21.583636363636362,A1-4-A,4,A,1
0.459,0.00165425,21.483766233766232,A1-4-A,4,A,1
0.472,0.00164626,21.38,A1-4-A,4,A,1
0.485,0.00163838,21.27766233766234,A1-4-A,4,A,1
0.498,0.00163014,21.17064935064935,A1-4-A,4,A,1
0.511,0.00162144,21.057662337662336,A1-4-A,4,A,1
0.524,0.0016125,20.941558441558442,A1-4-A,4,A,1
0.537,0.00160354,20.825194805194805,A1-4-A,4,A,1
0.55,0.00159414,20.70311688311688,A1-4-A,4,A,1
0.563,0.00158472,20.58077922077922,A1-4-A,4,A,1
0.576,0.00157505,20.455194805194807,A1-4-A,4,A,1
0.589,0.00156517,20.326883116883117,A1-4-A,4,A,1
0.602,0.00155412,20.183376623376624,A1-4-A,4,A,1
0.615,0.00154304,20.03948051948052,A1-4-A,4,A,1
0.628,0.00153165,19.89155844155844,A1-4-A,4,A,1
0.641,0.00151933,19.73155844155844,A1-4-A,4,A,1
0.654,0.00150652,19.565194805194803,A1-4-A,4,A,1
0.667,0.00149393,19.401688311688314,A1-4-A,4,A,1
0.68,0.00148008,19.22181818181818,A1-4-A,4,A,1
0.693,0.00146605,19.03961038961039,A1-4-A,4,A,1
0.706,0.00145084,18.84207792207792,A1-4-A,4,A,1
0.719,0.0014356,18.644155844155843,A1-4-A,4,A,1
0.732,0.00141977,18.43857142857143,A1-4-A,4,A,1
0.745,0.00140336,18.225454545454546,A1-4-A,4,A,1
0.758,0.00138564,17.995324675324675,A1-4-A,4,A,1
0.771,0.00136717,17.755454545454548,A1-4-A,4,A,1
0.784,0.00134826,17.50987012987013,A1-4-A,4,A,1
0.797,0.0013271,17.235064935064933,A1-4-A,4,A,1
0.81,0.00130577,16.95805194805195,A1-4-A,4,A,1
0.823,0.00128279,16.659610389610393,A1-4-A,4,A,1
0.836,0.00125812,16.33922077922078,A1-4-A,4,A,1
0.849,0.00123268,16.00883116883117,A1-4-A,4,A,1
0.862,0.00120499,15.64922077922078,A1-4-A,4,A,1
0.875,0.00117555,15.266883116883118,A1-4-A,4,A,1
0.888,0.00114426,14.86051948051948,A1-4-A,4,A,1
0.901,0.00111078,14.425714285714287,A1-4-A,4,A,1
0.914,0.00107502,13.961298701298704,A1-4-A,4,A,1
0.927,0.00103669,13.463506493506495,A1-4-A,4,A,1
0.94,0.00100093,12.999090909090908,A1-4-A,4,A,1
0.953,0.0009565,12.422077922077923,A1-4-A,4,A,1
0.966,0.00090968,11.814025974025974,A1-4-A,4,A,1
0.979,0.00085989,11.167402597402598,A1-4-A,4,A,1
0.992,0.00080753,10.487402597402598,A1-4-A,4,A,1
1.005,0.00075232,9.77038961038961,A1-4-A,4,A,1
1.018,0.0006943,9.016883116883118,A1-4-A,4,A,1
1.031,0.00063365,8.22922077922078,A1-4-A,4,A,1
1.044,0.00057051,7.409220779220779,A1-4-A,4,A,1
1.057,0.00050485,6.556493506493507,A1-4-A,4,A,1
1.07,0.00043692,5.674285714285714,A1-4-A,4,A,1
1.083,0.00036685,4.764285714285714,A1-4-A,4,A,1
1.096,0.00029476,3.828051948051948,A1-4-A,4,A,1
1.109,0.00022094,2.8693506493506495,A1-4-A,4,A,1
1.122,0.0001452,1.885714285714286,A1-4-A,4,A,1
1.135,6.976e-05,0.9059740259740259,A1-4-A,4,A,1
1.148,-8.22e-06,-0.10675324675324674,A1-4-A,4,A,1
1.161,-8.862e-05,-1.1509090909090909,A1-4-A,4,A,1
1.174,-0.00017284,-2.244675324675325,A1-4-A,4,A,1
1.187,-0.00025824,-3.353766233766234,A1-4-A,4,A,1
1.2,-0.00034511,-4.481948051948052,A1-4-A,4,A,1
-0.1,0.00190024,24.67844155844156,A1-4-B,4,B,1
-0.087,0.0018957,24.619480519480522,A1-4-B,4,B,1
-0.074,0.00189286,24.5825974025974,A1-4-B,4,B,1
-0.061,0.00188931,24.536493506493507,A1-4-B,4,B,1
-0.048,0.00188642,24.49896103896104,A1-4-B,4,B,1
-0.035,0.00188014,24.417402597402596,A1-4-B,4,B,1
-0.022,0.00187727,24.380129870129867,A1-4-B,4,B,1
-0.009,0.00187374,24.334285714285716,A1-4-B,4,B,1
0.004,0.00187036,24.29038961038961,A1-4-B,4,B,1
0.017,0.00186633,24.23805194805195,A1-4-B,4,B,1
0.03,0.00186251,24.188441558441557,A1-4-B,4,B,1
0.043,0.00185855,24.137012987012987,A1-4-B,4,B,1
0.056,0.00185424,24.081038961038963,A1-4-B,4,B,1
0.069,0.0018496,24.02077922077922,A1-4-B,4,B,1
0.082,0.00184427,23.951558441558443,A1-4-B,4,B,1
0.095,0.00183992,23.895064935064937,A1-4-B,4,B,1
0.108,0.00183534,23.835584415584414,A1-4-B,4,B,1
0.121,0.0018309,23.777922077922078,A1-4-B,4,B,1
0.134,0.00182673,23.72376623376623,A1-4-B,4,B,1
0.147,0.00182253,23.66922077922078,A1-4-B,4,B,1
0.16,0.0018178,23.607792207792208,A1-4-B,4,B,1
0.173,0.00181438,23.563376623376627,A1-4-B,4,B,1
0.186,0.00181047,23.512597402597404,A1-4-B,4,B,1
0.199,0.00180583,23.452337662337666,A1-4-B,4,B,1
0.212,0.00180135,23.394155844155843,A1-4-B,4,B,1
0.225,0.00179671,23.3338961038961,A1-4-B,4,B,1
0.238,0.00179208,23.273766233766235,A1-4-B,4,B,1
0.251,0.0017888,23.23116883116883,A1-4-B,4,B,1
0.264,0.00178483,23.17961038961039,A1-4-B,4,B,1
0.277,0.00177995,23.116233766233766,A1-4-B,4,B,1
0.29,0.001774,23.03896103896104,A1-4-B,4,B,1
0.303,0.00176945,22.979870129870132,A1-4-B,4,B,1
0.316,0.00176445,22.914935064935065,A1-4-B,4,B,1
0.329,0.00175928,22.84779220779221,A1-4-B,4,B,1
0.342,0.00175441,22.784545454545455,A1-4-B,4,B,1
0.355,0.00174881,22.71181818181818,A1-4-B,4,B,1
0.368,0.00174344,22.64207792207792,A1-4-B,4,B,1
0.381,0.00173839,22.576493506493506,A1-4-B,4,B,1
0.394,0.00173213,22.495194805194803,A1-4-B,4,B,1
0.407,0.00172589,22.414155844155847,A1-4-B,4,B,1
0.42,0.00171994,22.33688311688312,A1-4-B,4,B,1
0.433,0.00171309,22.247922077922077,A1-4-B,4,B,1
0.446,0.00170732,22.17298701298701,A1-4-B,4,B,1
0.459,0.00170096,22.09038961038961,A1-4-B,4,B,1
0.472,0.00169351,21.993636363636366,A1-4-B,4,B,1
0.485,0.00168639,21.901168831168835,A1-4-B,4,B,1
0.498,0.00167901,21.805324675324677,A1-4-B,4,B,1
0.511,0.00167102,21.701558441558443,A1-4-B,4,B,1
0.524,0.00166307,21.598311688311686,A1-4-B,4,B,1
0.537,0.00165478,21.49064935064935,A1-4-B,4,B,1
0.55,0.00164541,21.36896103896104,A1-4-B,4,B,1
0.563,0.0016357,21.242857142857144,A1-4-B,4,B,1
0.576,0.0016267,21.125974025974028,A1-4-B,4,B,1
0.589,0.00161608,20.988051948051947,A1-4-B,4,B,1
0.602,0.00160611,20.858571428571427,A1-4-B,4,B,1
0.615,0.00159565,20.722727272727276,A1-4-B,4,B,1
0.628,0.00158351,20.565064935064935,A1-4-B,4,B,1
0.641,0.0015716,20.41038961038961,A1-4-B,4,B,1
0.654,0.00155963,20.254935064935065,A1-4-B,4,B,1
0.667,0.0015465,20.084415584415584,A1-4-B,4,B,1
0.68,0.00153237,19.900909090909092,A1-4-B,4,B,1
0.693,0.00151878,19.724415584415585,A1-4-B,4,B,1
0.706,0.00150383,19.53025974025974,A1-4-B,4,B,1
0.719,0.00148819,19.327142857142857,A1-4-B,4,B,1
0.732,0.00147156,19.111168831168833,A1-4-B,4,B,1
0.745,0.00145409,18.884285714285713,A1-4-B,4,B,1
0.758,0.00143606,18.650129870129874,A1-4-B,4,B,1
0.771,0.00141613,18.391298701298705,A1-4-B,4,B,1
0.784,0.00139546,18.122857142857146,A1-4-B,4,B,1
0.797,0.00137377,17.841168831168833,A1-4-B,4,B,1
0.81,0.00135051,17.53909090909091,A1-4-B,4,B,1
0.823,0.00132566,17.21636363636364,A1-4-B,4,B,1
0.836,0.00129964,16.87844155844156,A1-4-B,4,B,1
0.849,0.00127139,16.511558441558442,A1-4-B,4,B,1
0.862,0.00124104,16.117402597402595,A1-4-B,4,B,1
0.875,0.0012088,15.698701298701298,A1-4-B,4,B,1
0.888,0.00117431,15.250779220779222,A1-4-B,4,B,1
0.901,0.00113789,14.777792207792206,A1-4-B,4,B,1
0.914,0.00109852,14.266493506493507,A1-4-B,4,B,1
0.927,0.00105675,13.724025974025974,A1-4-B,4,B,1
0.94,0.00101237,13.147662337662338,A1-4-B,4,B,1
0.953,0.00097278,12.633506493506493,A1-4-B,4,B,1
0.966,0.00092208,11.975064935064935,A1-4-B,4,B,1
0.979,0.00086857,11.280129870129871,A1-4-B,4,B,1
0.992,0.0008125,10.551948051948052,A1-4-B,4,B,1
1.005,0.00075384,9.79012987012987,A1-4-B,4,B,1
1.018,0.00069292,8.998961038961038,A1-4-B,4,B,1
1.031,0.0006294,8.174025974025975,A1-4-B,4,B,1
1.044,0.00056339,7.316753246753247,A1-4-B,4,B,1
1.057,0.00049516,6.430649350649351,A1-4-B,4,B,1
1.07,0.00042499,5.519350649350649,A1-4-B,4,B,1
1.083,0.00035295,4.583766233766234,A1-4-B,4,B,1
1.096,0.00027903,3.6237662337662337,A1-4-B,4,B,1
1.109,0.00020339,2.6414285714285715,A1-4-B,4,B,1
1.122,0.00012609,1.6375324675324678,A1-4-B,4,B,1
1.135,5.081e-05,0.6598701298701299,A1-4-B,4,B,1
1.148,-3.018e-05,-0.39194805194805193,A1-4-B,4,B,1
1.161,-0.00010769,-1.3985714285714286,A1-4-B,4,B,1
1.174,-0.00019221,-2.4962337662337664,A1-4-B,4,B,1
1.187,-0.00027812,-3.6119480519480516,A1-4-B,4,B,1
1.2,-0.00036531,-4.744285714285714,A1-4-B,4,B,1
-0.1,0.00163526,21.237142857142857,A1-4-C,4,C,1
-0.087,0.00163508,21.234805194805194,A1-4-C,4,C,1
-0.074,0.00163415,21.222727272727273,A1-4-C,4,C,1
-0.061,0.00163406,21.22155844155844,A1-4-C,4,C,1
-0.048,0.00163404,21.221298701298704,A1-4-C,4,C,1
-0.035,0.00163354,21.214805194805194,A1-4-C,4,C,1
-0.022,0.00163285,21.205844155844154,A1-4-C,4,C,1
-0.009,0.00163267,21.20350649350649,A1-4-C,4,C,1
0.004,0.00163265,21.203246753246756,A1-4-C,4,C,1
0.017,0.00163181,21.192337662337664,A1-4-C,4,C,1
0.03,0.00163095,21.181168831168833,A1-4-C,4,C,1
0.043,0.00163076,21.1787012987013,A1-4-C,4,C,1
0.056,0.00163,21.16883116883117,A1-4-C,4,C,1
0.069,0.00162983,21.166623376623377,A1-4-C,4,C,1
0.082,0.00162891,21.154675324675324,A1-4-C,4,C,1
0.095,0.00162806,21.143636363636364,A1-4-C,4,C,1
0.108,0.00162728,21.133506493506495,A1-4-C,4,C,1
0.121,0.00162659,21.124545454545455,A1-4-C,4,C,1
0.134,0.00162572,21.113246753246752,A1-4-C,4,C,1
0.147,0.00162426,21.094285714285714,A1-4-C,4,C,1
0.16,0.00162382,21.088571428571427,A1-4-C,4,C,1
0.173,0.00162252,21.071688311688312,A1-4-C,4,C,1
0.186,0.00162067,21.047662337662338,A1-4-C,4,C,1
0.199,0.00162023,21.041948051948054,A1-4-C,4,C,1
0.212,0.00161945,21.03181818181818,A1-4-C,4,C,1
0.225,0.0016175,21.00649350649351,A1-4-C,4,C,1
0.238,0.00161582,20.984675324675326,A1-4-C,4,C,1
0.251,0.00161455,20.968181818181815,A1-4-C,4,C,1
0.264,0.00161353,20.954935064935064,A1-4-C,4,C,1
0.277,0.0016113,20.925974025974025,A1-4-C,4,C,1
0.29,0.00160971,20.905324675324678,A1-4-C,4,C,1
0.303,0.00160836,20.88779220779221,A1-4-C,4,C,1
0.316,0.00160625,20.86038961038961,A1-4-C,4,C,1
0.329,0.00160448,20.837402597402598,A1-4-C,4,C,1
0.342,0.00160188,20.803636363636365,A1-4-C,4,C,1
0.355,0.00159923,20.76922077922078,A1-4-C,4,C,1
0.368,0.00159739,20.745324675324675,A1-4-C,4,C,1
0.381,0.00159407,20.702207792207794,A1-4-C,4,C,1
0.394,0.0015913,20.666233766233766,A1-4-C,4,C,1
0.407,0.00158864,20.63168831168831,A1-4-C,4,C,1
0.42,0.00158513,20.586103896103893,A1-4-C,4,C,1
0.433,0.00158212,20.547012987012987,A1-4-C,4,C,1
0.446,0.00157822,20.496363636363636,A1-4-C,4,C,1
0.459,0.00157367,20.437272727272727,A1-4-C,4,C,1
0.472,0.00156953,20.38350649350649,A1-4-C,4,C,1
0.485,0.00156541,20.330000000000002,A1-4-C,4,C,1
0.498,0.0015608,20.270129870129868,A1-4-C,4,C,1
0.511,0.00155606,20.208571428571428,A1-4-C,4,C,1
0.524,0.00155094,20.142077922077924,A1-4-C,4,C,1
0.537,0.00154465,20.060389610389613,A1-4-C,4,C,1
0.55,0.00153874,19.983636363636364,A1-4-C,4,C,1
0.563,0.00153222,19.89896103896104,A1-4-C,4,C,1
0.576,0.00152579,19.815454545454546,A1-4-C,4,C,1
0.589,0.00151875,19.724025974025974,A1-4-C,4,C,1
0.602,0.00151095,19.622727272727275,A1-4-C,4,C,1
0.615,0.00150265,19.514935064935067,A1-4-C,4,C,1
0.628,0.0014942,19.405194805194803,A1-4-C,4,C,1
0.641,0.00148497,19.285324675324674,A1-4-C,4,C,1
0.654,0.00147502,19.156103896103897,A1-4-C,4,C,1
0.667,0.00146459,19.02064935064935,A1-4-C,4,C,1
0.68,0.00145373,18.87961038961039,A1-4-C,4,C,1
0.693,0.0014419,18.72597402597403,A1-4-C,4,C,1
0.706,0.00142954,18.565454545454546,A1-4-C,4,C,1
0.719,0.00141674,18.39922077922078,A1-4-C,4,C,1
0.732,0.00140228,18.211428571428574,A1-4-C,4,C,1
0.745,0.00138702,18.013246753246754,A1-4-C,4,C,1
0.758,0.00137095,17.804545454545455,A1-4-C,4,C,1
0.771,0.0013538,17.581818181818182,A1-4-C,4,C,1
0.784,0.00133509,17.338831168831167,A1-4-C,4,C,1
0.797,0.00131507,17.07883116883117,A1-4-C,4,C,1
0.81,0.00129403,16.805584415584416,A1-4-C,4,C,1
0.823,0.00127101,16.506623376623377,A1-4-C,4,C,1
0.836,0.00124563,16.177012987012986,A1-4-C,4,C,1
0.849,0.00121882,15.828831168831169,A1-4-C,4,C,1
0.862,0.00118952,15.448311688311687,A1-4-C,4,C,1
0.875,0.00115825,15.042207792207792,A1-4-C,4,C,1
0.888,0.0011247,14.606493506493507,A1-4-C,4,C,1
0.901,0.00108876,14.13974025974026,A1-4-C,4,C,1
0.914,0.00105071,13.645584415584416,A1-4-C,4,C,1
0.927,0.00100925,13.107142857142858,A1-4-C,4,C,1
0.94,0.00097637,12.68012987012987,A1-4-C,4,C,1
0.953,0.00092759,12.046623376623376,A1-4-C,4,C,1
0.966,0.00087579,11.373896103896103,A1-4-C,4,C,1
0.979,0.00082157,10.669740259740259,A1-4-C,4,C,1
0.992,0.00076466,9.930649350649352,A1-4-C,4,C,1
1.005,0.00070495,9.155194805194805,A1-4-C,4,C,1
1.018,0.00064301,8.35077922077922,A1-4-C,4,C,1
1.031,0.00057793,7.505584415584416,A1-4-C,4,C,1
1.044,0.0005107,6.632467532467532,A1-4-C,4,C,1
1.057,0.00044102,5.727532467532467,A1-4-C,4,C,1
1.07,0.0003692,4.794805194805194,A1-4-C,4,C,1
1.083,0.00029525,3.8344155844155843,A1-4-C,4,C,1
1.096,0.00021925,2.8474025974025974,A1-4-C,4,C,1
1.109,0.0001414,1.8363636363636364,A1-4-C,4,C,1
1.122,6.813e-05,0.8848051948051948,A1-4-C,4,C,1
1.135,-1.443e-05,-0.18740259740259743,A1-4-C,4,C,1
1.148,-9.837e-05,-1.2775324675324675,A1-4-C,4,C,1
1.161,-0.00017787,-2.31,A1-4-C,4,C,1
1.174,-0.00026623,-3.457532467532468,A1-4-C,4,C,1
1.187,-0.00035581,-4.620909090909091,A1-4-C,4,C,1
1.2,-0.00044678,-5.802337662337663,A1-4-C,4,C,1
-0.1,0.00172638,22.42051948051948,A1-4-D,4,D,1
-0.087,0.0017262,22.418181818181818,A1-4-D,4,D,1
-0.074,0.00172666,22.424155844155848,A1-4-D,4,D,1
-0.061,0.00172648,22.421818181818182,A1-4-D,4,D,1
-0.048,0.00172585,22.41363636363636,A1-4-D,4,D,1
-0.035,0.00172592,22.414545454545454,A1-4-D,4,D,1
-0.022,0.00172611,22.41701298701299,A1-4-D,4,D,1
-0.009,0.00172585,22.41363636363636,A1-4-D,4,D,1
0.004,0.00172609,22.41675324675325,A1-4-D,4,D,1
0.017,0.00172571,22.41181818181818,A1-4-D,4,D,1
0.03,0.0017253,22.406493506493508,A1-4-D,4,D,1
0.043,0.00172475,22.399350649350648,A1-4-D,4,D,1
0.056,0.00172482,22.40025974025974,A1-4-D,4,D,1
0.069,0.00172526,22.40597402597403,A1-4-D,4,D,1
0.082,0.00172496,22.402077922077925,A1-4-D,4,D,1
0.095,0.00172472,22.398961038961037,A1-4-D,4,D,1
0.108,0.00172412,22.39116883116883,A1-4-D,4,D,1
0.121,0.00172321,22.37935064935065,A1-4-D,4,D,1
0.134,0.0017232,22.37922077922078,A1-4-D,4,D,1
0.147,0.00172341,22.38194805194805,A1-4-D,4,D,1
0.16,0.00172254,22.37064935064935,A1-4-D,4,D,1
0.173,0.0017216,22.35844155844156,A1-4-D,4,D,1
0.186,0.00172165,22.35909090909091,A1-4-D,4,D,1
0.199,0.00172031,22.341688311688312,A1-4-D,4,D,1
0.212,0.00171964,22.33298701298701,A1-4-D,4,D,1
0.225,0.00172002,22.337922077922077,A1-4-D,4,D,1
0.238,0.00171959,22.33233766233766,A1-4-D,4,D,1
0.251,0.00171857,22.31909090909091,A1-4-D,4,D,1
0.264,0.00171814,22.313506493506495,A1-4-D,4,D,1
0.277,0.0017179,22.31038961038961,A1-4-D,4,D,1
0.29,0.00171684,22.296623376623376,A1-4-D,4,D,1
0.303,0.00171629,22.28948051948052,A1-4-D,4,D,1
0.316,0.00171524,22.275844155844158,A1-4-D,4,D,1
0.329,0.0017149,22.271428571428572,A1-4-D,4,D,1
0.342,0.00171398,22.25948051948052,A1-4-D,4,D,1
0.355,0.00171283,22.244545454545456,A1-4-D,4,D,1
0.368,0.00171209,22.234935064935065,A1-4-D,4,D,1
0.381,0.00171088,22.21922077922078,A1-4-D,4,D,1
0.394,0.00171034,22.212207792207792,A1-4-D,4,D,1
0.407,0.00170926,22.19818181818182,A1-4-D,4,D,1
0.42,0.00170804,22.182337662337662,A1-4-D,4,D,1
0.433,0.00170721,22.171558441558442,A1-4-D,4,D,1
0.446,0.0017059,22.154545454545456,A1-4-D,4,D,1
0.459,0.00170453,22.136753246753248,A1-4-D,4,D,1
0.472,0.0017028,22.114285714285714,A1-4-D,4,D,1
0.485,0.00170079,22.08818181818182,A1-4-D,4,D,1
0.498,0.00169941,22.07025974025974,A1-4-D,4,D,1
0.511,0.00169743,22.044545454545457,A1-4-D,4,D,1
0.524,0.00169549,22.01935064935065,A1-4-D,4,D,1
0.537,0.00169345,21.992857142857144,A1-4-D,4,D,1
0.55,0.00169141,21.966363636363635,A1-4-D,4,D,1
0.563,0.00168912,21.936623376623377,A1-4-D,4,D,1
0.576,0.00168634,21.900519480519478,A1-4-D,4,D,1
0.589,0.0016827,21.853246753246754,A1-4-D,4,D,1
0.602,0.00167972,21.814545454545456,A1-4-D,4,D,1
0.615,0.0016766,21.774025974025978,A1-4-D,4,D,1
0.628,0.00167275,21.724025974025974,A1-4-D,4,D,1
0.641,0.00166851,21.66896103896104,A1-4-D,4,D,1
0.654,0.00166346,21.603376623376626,A1-4-D,4,D,1
0.667,0.00165803,21.532857142857143,A1-4-D,4,D,1
0.68,0.00165283,21.465324675324677,A1-4-D,4,D,1
0.693,0.00164641,21.38194805194805,A1-4-D,4,D,1
0.706,0.00163993,21.297792207792206,A1-4-D,4,D,1
0.719,0.00163227,21.198311688311687,A1-4-D,4,D,1
0.732,0.00162365,21.086363636363636,A1-4-D,4,D,1
0.745,0.00161421,20.963766233766233,A1-4-D,4,D,1
0.758,0.001603,20.81818181818182,A1-4-D,4,D,1
0.771,0.00159066,20.657922077922077,A1-4-D,4,D,1
0.784,0.00157684,20.478441558441556,A1-4-D,4,D,1
0.797,0.00156239,20.290779220779225,A1-4-D,4,D,1
0.81,0.00154493,20.064025974025974,A1-4-D,4,D,1
0.823,0.00152482,19.802857142857142,A1-4-D,4,D,1
0.836,0.00150276,19.516363636363632,A1-4-D,4,D,1
0.849,0.00147821,19.19753246753247,A1-4-D,4,D,1
0.862,0.00144934,18.822597402597403,A1-4-D,4,D,1
0.875,0.001418,18.415584415584416,A1-4-D,4,D,1
0.888,0.00138281,17.958571428571428,A1-4-D,4,D,1
0.901,0.00134438,17.459480519480522,A1-4-D,4,D,1
0.914,0.00130092,16.895064935064934,A1-4-D,4,D,1
0.927,0.00125091,16.245584415584418,A1-4-D,4,D,1
0.94,0.00119745,15.551298701298704,A1-4-D,4,D,1
0.953,0.00114009,14.806363636363638,A1-4-D,4,D,1
0.966,0.00107882,14.010649350649352,A1-4-D,4,D,1
0.979,0.00101147,13.135974025974027,A1-4-D,4,D,1
0.992,0.00096347,12.512597402597404,A1-4-D,4,D,1
1.005,0.00088265,11.462987012987014,A1-4-D,4,D,1
1.018,0.00079877,10.373636363636363,A1-4-D,4,D,1
1.031,0.00070959,9.215454545454545,A1-4-D,4,D,1
1.044,0.00061625,8.003246753246753,A1-4-D,4,D,1
1.057,0.00051836,6.731948051948052,A1-4-D,4,D,1
1.07,0.00041739,5.420649350649351,A1-4-D,4,D,1
1.083,0.00031199,4.051818181818182,A1-4-D,4,D,1
1.096,0.00020328,2.64,A1-4-D,4,D,1
1.109,0.00013647,1.7723376623376623,A1-4-D,4,D,1
1.122,2.592e-05,0.3366233766233766,A1-4-D,4,D,1
1.135,-0.00010144,-1.3174025974025976,A1-4-D,4,D,1
1.148,-0.00021517,-2.7944155844155842,A1-4-D,4,D,1
1.161,-0.00035062,-4.553506493506493,A1-4-D,4,D,1
1.174,-0.00048898,-6.35038961038961,A1-4-D,4,D,1
1.187,-0.00062837,-8.16064935064935,A1-4-D,4,D,1
1.2,-0.0007727,-10.035064935064934,A1-4-D,4,D,1
-0.1,0.00163866,21.2812987012987,A1-4-E,4,E,1
-0.087,0.00163842,21.278181818181817,A1-4-E,4,E,1
-0.074,0.00163836,21.277402597402595,A1-4-E,4,E,1
-0.061,0.0016391,21.28701298701299,A1-4-E,4,E,1
-0.048,0.00163851,21.279350649350647,A1-4-E,4,E,1
-0.035,0.00163853,21.27961038961039,A1-4-E,4,E,1
-0.022,0.00163828,21.276363636363634,A1-4-E,4,E,1
-0.009,0.00163749,21.266103896103893,A1-4-E,4,E,1
0.004,0.00163814,21.274545454545457,A1-4-E,4,E,1
0.017,0.00163737,21.264545454545456,A1-4-E,4,E,1
0.03,0.00163744,21.265454545454546,A1-4-E,4,E,1
0.043,0.00163747,21.265844155844157,A1-4-E,4,E,1
0.056,0.00163698,21.25948051948052,A1-4-E,4,E,1
0.069,0.00163639,21.25181818181818,A1-4-E,4,E,1
0.082,0.00163613,21.248441558441556,A1-4-E,4,E,1
0.095,0.00163529,21.237532467532468,A1-4-E,4,E,1
0.108,0.0016357,21.242857142857144,A1-4-E,4,E,1
0.121,0.00163514,21.235584415584416,A1-4-E,4,E,1
0.134,0.00163425,21.224025974025974,A1-4-E,4,E,1
0.147,0.00163404,21.221298701298704,A1-4-E,4,E,1
0.16,0.00163331,21.21181818181818,A1-4-E,4,E,1
0.173,0.00163285,21.205844155844154,A1-4-E,4,E,1
0.186,0.00163232,21.198961038961038,A1-4-E,4,E,1
0.199,0.00163122,21.184675324675325,A1-4-E,4,E,1
0.212,0.00163094,21.18103896103896,A1-4-E,4,E,1
0.225,0.00163027,21.172337662337664,A1-4-E,4,E,1
0.238,0.00162922,21.1587012987013,A1-4-E,4,E,1
0.251,0.00162808,21.143896103896108,A1-4-E,4,E,1
0.264,0.00162752,21.136623376623376,A1-4-E,4,E,1
0.277,0.00162671,21.126103896103896,A1-4-E,4,E,1
0.29,0.001626,21.116883116883116,A1-4-E,4,E,1
0.303,0.00162517,21.106103896103896,A1-4-E,4,E,1
0.316,0.001624,21.09090909090909,A1-4-E,4,E,1
0.329,0.00162294,21.077142857142857,A1-4-E,4,E,1
0.342,0.00162206,21.065714285714286,A1-4-E,4,E,1
0.355,0.00162081,21.04948051948052,A1-4-E,4,E,1
0.368,0.00161987,21.03727272727273,A1-4-E,4,E,1
0.381,0.00161856,21.020259740259743,A1-4-E,4,E,1
0.394,0.00161718,21.002337662337663,A1-4-E,4,E,1
0.407,0.00161559,20.981688311688313,A1-4-E,4,E,1
0.42,0.0016144,20.966233766233763,A1-4-E,4,E,1
0.433,0.00161305,20.9487012987013,A1-4-E,4,E,1
0.446,0.0016111,20.923376623376626,A1-4-E,4,E,1
0.459,0.00160893,20.895194805194805,A1-4-E,4,E,1
0.472,0.00160707,20.871038961038963,A1-4-E,4,E,1
0.485,0.00160511,20.84558441558442,A1-4-E,4,E,1
0.498,0.00160313,20.81987012987013,A1-4-E,4,E,1
0.511,0.00160064,20.78753246753247,A1-4-E,4,E,1
0.524,0.00159822,20.756103896103898,A1-4-E,4,E,1
0.537,0.00159508,20.715324675324673,A1-4-E,4,E,1
0.55,0.0015921,20.676623376623375,A1-4-E,4,E,1
0.563,0.00158843,20.62896103896104,A1-4-E,4,E,1
0.576,0.00158495,20.583766233766234,A1-4-E,4,E,1
0.589,0.00158072,20.528831168831168,A1-4-E,4,E,1
0.602,0.00157734,20.484935064935062,A1-4-E,4,E,1
0.615,0.00157254,20.422597402597404,A1-4-E,4,E,1
0.628,0.00156769,20.35961038961039,A1-4-E,4,E,1
0.641,0.00156134,20.27714285714286,A1-4-E,4,E,1
0.654,0.00155504,20.195324675324674,A1-4-E,4,E,1
0.667,0.0015481,20.105194805194806,A1-4-E,4,E,1
0.68,0.00154028,20.003636363636364,A1-4-E,4,E,1
0.693,0.00153208,19.897142857142857,A1-4-E,4,E,1
0.706,0.0015234,19.784415584415584,A1-4-E,4,E,1
0.719,0.00151255,19.643506493506493,A1-4-E,4,E,1
0.732,0.0015012,19.496103896103897,A1-4-E,4,E,1
0.745,0.0014892,19.34025974025974,A1-4-E,4,E,1
0.758,0.00147489,19.154415584415585,A1-4-E,4,E,1
0.771,0.00145934,18.952467532467534,A1-4-E,4,E,1
0.784,0.00144217,18.72948051948052,A1-4-E,4,E,1
0.797,0.00142293,18.47961038961039,A1-4-E,4,E,1
0.81,0.00140223,18.21077922077922,A1-4-E,4,E,1
0.823,0.00137863,17.904285714285717,A1-4-E,4,E,1
0.836,0.00135235,17.562987012987012,A1-4-E,4,E,1
0.849,0.00132349,17.18818181818182,A1-4-E,4,E,1
0.862,0.00129144,16.77194805194805,A1-4-E,4,E,1
0.875,0.00125623,16.314675324675324,A1-4-E,4,E,1
0.888,0.0012176,15.812987012987016,A1-4-E,4,E,1
0.901,0.00117555,15.266883116883118,A1-4-E,4,E,1
0.914,0.00113,14.675324675324674,A1-4-E,4,E,1
0.927,0.00108036,14.03064935064935,A1-4-E,4,E,1
0.94,0.0010268,13.335064935064937,A1-4-E,4,E,1
0.953,0.0009918,12.88051948051948,A1-4-E,4,E,1
0.966,0.00092691,12.037792207792208,A1-4-E,4,E,1
0.979,0.00085857,11.15025974025974,A1-4-E,4,E,1
0.992,0.00078714,10.222597402597403,A1-4-E,4,E,1
1.005,0.00071192,9.245714285714286,A1-4-E,4,E,1
1.018,0.00063376,8.230649350649351,A1-4-E,4,E,1
1.031,0.00055204,7.1693506493506485,A1-4-E,4,E,1
1.044,0.000467,6.0649350649350655,A1-4-E,4,E,1
1.057,0.00037862,4.917142857142857,A1-4-E,4,E,1
1.07,0.00028677,3.724285714285714,A1-4-E,4,E,1
1.083,0.00019177,2.4905194805194806,A1-4-E,4,E,1
1.096,0.00012894,1.6745454545454546,A1-4-E,4,E,1
1.109,3.242e-05,0.42103896103896105,A1-4-E,4,E,1
1.122,-7.707e-05,-1.000909090909091,A1-4-E,4,E,1
1.135,-0.0001747,-2.268831168831169,A1-4-E,4,E,1
1.148,-0.00029022,-3.769090909090909,A1-4-E,4,E,1
1.161,-0.00040779,-5.295974025974026,A1-4-E,4,E,1
1.174,-0.00052712,-6.845714285714285,A1-4-E,4,E,1
1.187,-0.00064805,-8.416233766233766,A1-4-E,4,E,1
1.2,-0.00077124,-10.016103896103896,A1-4-E,4,E,1
-0.1,0.00154341,20.044285714285717,A1-5-A,5,A,1
-0.087,0.00154226,20.029350649350647,A1-5-A,5,A,1
-0.074,0.0015406,20.007792207792207,A1-5-A,5,A,1
-0.061,0.00153928,19.990649350649353,A1-5-A,5,A,1
-0.048,0.00153839,19.979090909090907,A1-5-A,5,A,1
-0.035,0.00153712,19.962597402597403,A1-5-A,5,A,1
-0.022,0.00153581,19.945584415584417,A1-5-A,5,A,1
-0.009,0.00153444,19.92779220779221,A1-5-A,5,A,1
0.004,0.00153368,19.917922077922075,A1-5-A,5,A,1
0.017,0.00153157,19.89051948051948,A1-5-A,5,A,1
0.03,0.00152973,19.866623376623377,A1-5-A,5,A,1
0.043,0.00152864,19.852467532467532,A1-5-A,5,A,1
0.056,0.00152664,19.826493506493502,A1-5-A,5,A,1
0.069,0.00152467,19.80090909090909,A1-5-A,5,A,1
0.082,0.0015228,19.776623376623373,A1-5-A,5,A,1
0.095,0.00152036,19.744935064935063,A1-5-A,5,A,1
0.108,0.00151861,19.722207792207794,A1-5-A,5,A,1
0.121,0.00151616,19.69038961038961,A1-5-A,5,A,1
0.134,0.00151369,19.65831168831169,A1-5-A,5,A,1
0.147,0.0015114,19.62857142857143,A1-5-A,5,A,1
0.16,0.00150852,19.59116883116883,A1-5-A,5,A,1
0.173,0.00150626,19.56181818181818,A1-5-A,5,A,1
0.186,0.00150315,19.521428571428572,A1-5-A,5,A,1
0.199,0.00150044,19.486233766233767,A1-5-A,5,A,1
0.212,0.00149751,19.44818181818182,A1-5-A,5,A,1
0.225,0.00149405,19.40324675324675,A1-5-A,5,A,1
0.238,0.00149088,19.362077922077923,A1-5-A,5,A,1
0.251,0.00148796,19.324155844155847,A1-5-A,5,A,1
0.264,0.00148427,19.27623376623377,A1-5-A,5,A,1
0.277,0.0014806,19.22857142857143,A1-5-A,5,A,1
0.29,0.00147705,19.182467532467534,A1-5-A,5,A,1
0.303,0.0014734,19.135064935064936,A1-5-A,5,A,1
0.316,0.00146927,19.08142857142857,A1-5-A,5,A,1
0.329,0.00146548,19.032207792207792,A1-5-A,5,A,1
0.342,0.00146119,18.976493506493508,A1-5-A,5,A,1
0.355,0.00145657,18.916493506493506,A1-5-A,5,A,1
0.368,0.0014523,18.86103896103896,A1-5-A,5,A,1
0.381,0.00144754,18.79922077922078,A1-5-A,5,A,1
0.394,0.00144321,18.74298701298701,A1-5-A,5,A,1
0.407,0.00143785,18.673376623376623,A1-5-A,5,A,1
0.42,0.001433,18.61038961038961,A1-5-A,5,A,1
0.433,0.0014274,18.537662337662336,A1-5-A,5,A,1
0.446,0.00142234,18.47194805194805,A1-5-A,5,A,1
0.459,0.00141657,18.397012987012985,A1-5-A,5,A,1
0.472,0.00141022,18.314545454545456,A1-5-A,5,A,1
0.485,0.00140414,18.235584415584412,A1-5-A,5,A,1
0.498,0.00139799,18.155714285714286,A1-5-A,5,A,1
0.511,0.00139203,18.07831168831169,A1-5-A,5,A,1
0.524,0.00138505,17.98766233766234,A1-5-A,5,A,1
0.537,0.00137828,17.89974025974026,A1-5-A,5,A,1
0.55,0.00137122,17.808051948051947,A1-5-A,5,A,1
0.563,0.00136375,17.711038961038962,A1-5-A,5,A,1
0.576,0.00135626,17.613766233766235,A1-5-A,5,A,1
0.589,0.00134819,17.50896103896104,A1-5-A,5,A,1
0.602,0.00133981,17.40012987012987,A1-5-A,5,A,1
0.615,0.00133085,17.283766233766233,A1-5-A,5,A,1
0.628,0.00132166,17.164415584415583,A1-5-A,5,A,1
0.641,0.00131276,17.048831168831168,A1-5-A,5,A,1
0.654,0.00130261,16.91701298701299,A1-5-A,5,A,1
0.667,0.00129257,16.78662337662338,A1-5-A,5,A,1
0.68,0.00128202,16.64961038961039,A1-5-A,5,A,1
0.693,0.00127059,16.501168831168833,A1-5-A,5,A,1
0.706,0.0012587,16.346753246753245,A1-5-A,5,A,1
0.719,0.00124648,16.18805194805195,A1-5-A,5,A,1
0.732,0.00123314,16.014805194805195,A1-5-A,5,A,1
0.745,0.00121957,15.838571428571427,A1-5-A,5,A,1
0.758,0.00120489,15.647922077922077,A1-5-A,5,A,1
0.771,0.00118947,15.447662337662338,A1-5-A,5,A,1
0.784,0.00117259,15.22844155844156,A1-5-A,5,A,1
0.797,0.00115464,14.995324675324676,A1-5-A,5,A,1
0.81,0.00113578,14.750389610389611,A1-5-A,5,A,1
0.823,0.00111539,14.485584415584414,A1-5-A,5,A,1
0.836,0.00109324,14.19792207792208,A1-5-A,5,A,1
0.849,0.00107005,13.896753246753246,A1-5-A,5,A,1
0.862,0.00104499,13.5712987012987,A1-5-A,5,A,1
0.875,0.00101828,13.224415584415585,A1-5-A,5,A,1
0.888,0.00100291,13.024805194805197,A1-5-A,5,A,1
0.901,0.00097003,12.597792207792207,A1-5-A,5,A,1
0.914,0.00093489,12.14142857142857,A1-5-A,5,A,1
0.927,0.00089777,11.65935064935065,A1-5-A,5,A,1
0.94,0.00085817,11.145064935064935,A1-5-A,5,A,1
0.953,0.00081643,10.602987012987013,A1-5-A,5,A,1
0.966,0.00077207,10.026883116883118,A1-5-A,5,A,1
0.979,0.00072441,9.407922077922077,A1-5-A,5,A,1
0.992,0.00067371,8.74948051948052,A1-5-A,5,A,1
1.005,0.00062079,8.062207792207792,A1-5-A,5,A,1
1.018,0.00056522,7.340519480519481,A1-5-A,5,A,1
1.031,0.00050724,6.5875324675324665,A1-5-A,5,A,1
1.044,0.0004472,5.8077922077922075,A1-5-A,5,A,1
1.057,0.00038438,4.991948051948051,A1-5-A,5,A,1
1.07,0.00031938,4.147792207792208,A1-5-A,5,A,1
1.083,0.00025254,3.27974025974026,A1-5-A,5,A,1
1.096,0.00018298,2.3763636363636365,A1-5-A,5,A,1
1.109,0.00011135,1.4461038961038961,A1-5-A,5,A,1
1.122,4.542e-05,0.5898701298701299,A1-5-A,5,A,1
1.135,-3.104e-05,-0.40311688311688315,A1-5-A,5,A,1
1.148,-9.383e-05,-1.2185714285714286,A1-5-A,5,A,1
1.161,-0.00017578,-2.282857142857143,A1-5-A,5,A,1
1.174,-0.0002594,-3.368831168831169,A1-5-A,5,A,1
1.187,-0.00034451,-4.474155844155844,A1-5-A,5,A,1
1.2,-0.00043182,-5.608051948051949,A1-5-A,5,A,1
-0.1,0.00162907,21.156753246753247,A1-5-B,5,B,1
-0.087,0.00162796,21.14233766233766,A1-5-B,5,B,1
-0.074,0.00162766,21.138441558441556,A1-5-B,5,B,1
-0.061,0.00162646,21.122857142857143,A1-5-B,5,B,1
-0.048,0.00162594,21.116103896103898,A1-5-B,5,B,1
-0.035,0.00162599,21.116753246753245,A1-5-B,5,B,1
-0.022,0.00162534,21.10831168831169,A1-5-B,5,B,1
-0.009,0.00162515,21.105844155844157,A1-5-B,5,B,1
0.004,0.00162586,21.115064935064936,A1-5-B,5,B,1
0.017,0.00162433,21.095194805194804,A1-5-B,5,B,1
0.03,0.00162311,21.07935064935065,A1-5-B,5,B,1
0.043,0.00162297,21.077532467532468,A1-5-B,5,B,1
0.056,0.00162225,21.06818181818182,A1-5-B,5,B,1
0.069,0.00162159,21.059610389610388,A1-5-B,5,B,1
0.082,0.00162142,21.057402597402596,A1-5-B,5,B,1
0.095,0.00162039,21.044025974025974,A1-5-B,5,B,1
0.108,0.00161953,21.032857142857146,A1-5-B,5,B,1
0.121,0.00161922,21.028831168831168,A1-5-B,5,B,1
0.134,0.00161811,21.014415584415588,A1-5-B,5,B,1
0.147,0.00161677,20.997012987012987,A1-5-B,5,B,1
0.16,0.00161605,20.987662337662336,A1-5-B,5,B,1
0.173,0.00161542,20.979480519480518,A1-5-B,5,B,1
0.186,0.0016143,20.964935064935066,A1-5-B,5,B,1
0.199,0.00161306,20.94883116883117,A1-5-B,5,B,1
0.212,0.00161123,20.925064935064935,A1-5-B,5,B,1
0.225,0.00161017,20.9112987012987,A1-5-B,5,B,1
0.238,0.00160874,20.892727272727274,A1-5-B,5,B,1
0.251,0.00160709,20.871298701298702,A1-5-B,5,B,1
0.264,0.00160517,20.846363636363634,A1-5-B,5,B,1
0.277,0.00160355,20.825324675324676,A1-5-B,5,B,1
0.29,0.00160208,20.806233766233767,A1-5-B,5,B,1
0.303,0.00160035,20.783766233766233,A1-5-B,5,B,1
0.316,0.00159815,20.755194805194805,A1-5-B,5,B,1
0.329,0.00159633,20.73155844155844,A1-5-B,5,B,1
0.342,0.00159427,20.704805194805196,A1-5-B,5,B,1
0.355,0.00159186,20.673506493506494,A1-5-B,5,B,1
0.368,0.0015899,20.648051948051947,A1-5-B,5,B,1
0.381,0.00158733,20.61467532467533,A1-5-B,5,B,1
0.394,0.00158434,20.575844155844155,A1-5-B,5,B,1
0.407,0.00158182,20.543116883116884,A1-5-B,5,B,1
0.42,0.0015791,20.507792207792207,A1-5-B,5,B,1
0.433,0.00157606,20.468311688311687,A1-5-B,5,B,1
0.446,0.00157227,20.419090909090908,A1-5-B,5,B,1
0.459,0.00156944,20.382337662337665,A1-5-B,5,B,1
0.472,0.00156566,20.33324675324675,A1-5-B,5,B,1
0.485,0.00156219,20.28818181818182,A1-5-B,5,B,1
0.498,0.00155861,20.24168831168831,A1-5-B,5,B,1
0.511,0.00155472,20.191168831168834,A1-5-B,5,B,1
0.524,0.00155022,20.13272727272727,A1-5-B,5,B,1
0.537,0.0015462,20.08051948051948,A1-5-B,5,B,1
0.55,0.00154127,20.016493506493507,A1-5-B,5,B,1
0.563,0.00153637,19.952857142857145,A1-5-B,5,B,1
0.576,0.00153172,19.89246753246753,A1-5-B,5,B,1
0.589,0.00152683,19.82896103896104,A1-5-B,5,B,1
0.602,0.00152148,19.75948051948052,A1-5-B,5,B,1
0.615,0.00151567,19.684025974025975,A1-5-B,5,B,1
0.628,0.00150983,19.60818181818182,A1-5-B,5,B,1
0.641,0.00150344,19.525194805194804,A1-5-B,5,B,1
0.654,0.00149722,19.444415584415584,A1-5-B,5,B,1
0.667,0.00149007,19.351558441558442,A1-5-B,5,B,1
0.68,0.00148278,19.256883116883117,A1-5-B,5,B,1
0.693,0.001475,19.155844155844154,A1-5-B,5,B,1
0.706,0.00146665,19.0474025974026,A1-5-B,5,B,1
0.719,0.00145806,18.935844155844155,A1-5-B,5,B,1
0.732,0.00144868,18.814025974025974,A1-5-B,5,B,1
0.745,0.00143874,18.684935064935065,A1-5-B,5,B,1
0.758,0.00142865,18.553896103896104,A1-5-B,5,B,1
0.771,0.00141729,18.406363636363636,A1-5-B,5,B,1
0.784,0.00140498,18.246493506493508,A1-5-B,5,B,1
0.797,0.00139219,18.08038961038961,A1-5-B,5,B,1
0.81,0.00137813,17.897792207792207,A1-5-B,5,B,1
0.823,0.00136245,17.694155844155844,A1-5-B,5,B,1
0.836,0.00134536,17.472207792207794,A1-5-B,5,B,1
0.849,0.00132731,17.237792207792207,A1-5-B,5,B,1
0.862,0.00130689,16.9725974025974,A1-5-B,5,B,1
0.875,0.00128502,16.68857142857143,A1-5-B,5,B,1
0.888,0.00126049,16.369999999999997,A1-5-B,5,B,1
0.901,0.00123357,16.02038961038961,A1-5-B,5,B,1
0.914,0.00120415,15.638311688311687,A1-5-B,5,B,1
0.927,0.00117137,15.212597402597401,A1-5-B,5,B,1
0.94,0.00113537,14.745064935064933,A1-5-B,5,B,1
0.953,0.00109543,14.226363636363638,A1-5-B,5,B,1
0.966,0.00105138,13.654285714285715,A1-5-B,5,B,1
0.979,0.00100284,13.023896103896105,A1-5-B,5,B,1
0.992,0.00096659,12.553116883116884,A1-5-B,5,B,1
1.005,0.00090687,11.777532467532469,A1-5-B,5,B,1
1.018,0.00084167,10.930779220779222,A1-5-B,5,B,1
1.031,0.000772,10.025974025974026,A1-5-B,5,B,1
1.044,0.00069676,9.04883116883117,A1-5-B,5,B,1
1.057,0.00061645,8.005844155844157,A1-5-B,5,B,1
1.07,0.00053086,6.894285714285714,A1-5-B,5,B,1
1.083,0.00044039,5.719350649350649,A1-5-B,5,B,1
1.096,0.00034488,4.47896103896104,A1-5-B,5,B,1
1.109,0.00024464,3.1771428571428575,A1-5-B,5,B,1
1.122,0.00013959,1.812857142857143,A1-5-B,5,B,1
1.135,4.122e-05,0.5353246753246753,A1-5-B,5,B,1
1.148,-7.372e-05,-0.9574025974025975,A1-5-B,5,B,1
1.161,-0.00018192,-2.3625974025974026,A1-5-B,5,B,1
1.174,-0.00030688,-3.9854545454545454,A1-5-B,5,B,1
1.187,-0.00043526,-5.652727272727272,A1-5-B,5,B,1
1.2,-0.00056704,-7.364155844155844,A1-5-B,5,B,1
-0.1,0.00165037,21.43337662337662,A1-5-C,5,C,1
-0.087,0.001641,21.311688311688314,A1-5-C,5,C,1
-0.074,0.00163143,21.187402597402595,A1-5-C,5,C,1
-0.061,0.00162289,21.07649350649351,A1-5-C,5,C,1
-0.048,0.00161489,20.9725974025974,A1-5-C,5,C,1
-0.035,0.00160668,20.865974025974026,A1-5-C,5,C,1
-0.022,0.00159813,20.75493506493506,A1-5-C,5,C,1
-0.009,0.00158988,20.647792207792204,A1-5-C,5,C,1
0.004,0.00158216,20.547532467532466,A1-5-C,5,C,1
0.017,0.00157374,20.438181818181818,A1-5-C,5,C,1
0.03,0.00156531,20.3287012987013,A1-5-C,5,C,1
0.043,0.00155699,20.22064935064935,A1-5-C,5,C,1
0.056,0.0015478,20.101298701298703,A1-5-C,5,C,1
0.069,0.00153965,19.995454545454546,A1-5-C,5,C,1
0.082,0.00153093,19.88220779220779,A1-5-C,5,C,1
0.095,0.00152329,19.78298701298701,A1-5-C,5,C,1
0.108,0.00151316,19.65142857142857,A1-5-C,5,C,1
0.121,0.00150516,19.547532467532466,A1-5-C,5,C,1
0.134,0.00149581,19.426103896103896,A1-5-C,5,C,1
0.147,0.00148664,19.307012987012985,A1-5-C,5,C,1
0.16,0.00147806,19.195584415584417,A1-5-C,5,C,1
0.173,0.00146836,19.06961038961039,A1-5-C,5,C,1
0.186,0.00145844,18.940779220779223,A1-5-C,5,C,1
0.199,0.00144969,18.827142857142857,A1-5-C,5,C,1
0.212,0.00144019,18.703766233766235,A1-5-C,5,C,1
0.225,0.0014307,18.58051948051948,A1-5-C,5,C,1
0.238,0.00142124,18.457662337662338,A1-5-C,5,C,1
0.251,0.00141201,18.33779220779221,A1-5-C,5,C,1
0.264,0.00140205,18.20844155844156,A1-5-C,5,C,1
0.277,0.00139229,18.081688311688314,A1-5-C,5,C,1
0.29,0.00138164,17.943376623376622,A1-5-C,5,C,1
0.303,0.00137115,17.807142857142857,A1-5-C,5,C,1
0.316,0.00136094,17.674545454545452,A1-5-C,5,C,1
0.329,0.0013503,17.53636363636364,A1-5-C,5,C,1
0.342,0.00133977,17.399610389610388,A1-5-C,5,C,1
0.355,0.00132899,17.25961038961039,A1-5-C,5,C,1
0.368,0.00131688,17.102337662337664,A1-5-C,5,C,1
0.381,0.00130684,16.971948051948054,A1-5-C,5,C,1
0.394,0.00129555,16.825324675324673,A1-5-C,5,C,1
0.407,0.00128306,16.663116883116885,A1-5-C,5,C,1
0.42,0.00127241,16.524805194805197,A1-5-C,5,C,1
0.433,0.0012603,16.367532467532467,A1-5-C,5,C,1
0.446,0.00124828,16.21142857142857,A1-5-C,5,C,1
0.459,0.00123515,16.040909090909093,A1-5-C,5,C,1
0.472,0.00122284,15.88103896103896,A1-5-C,5,C,1
0.485,0.00120953,15.708181818181815,A1-5-C,5,C,1
0.498,0.00119678,15.542597402597401,A1-5-C,5,C,1
0.511,0.0011815,15.344155844155845,A1-5-C,5,C,1
0.524,0.00117002,15.195064935064934,A1-5-C,5,C,1
0.537,0.00115536,15.004675324675325,A1-5-C,5,C,1
0.55,0.00114141,14.823506493506494,A1-5-C,5,C,1
0.563,0.0011278,14.646753246753246,A1-5-C,5,C,1
0.576,0.0011139,14.466233766233765,A1-5-C,5,C,1
0.589,0.00109942,14.27818181818182,A1-5-C,5,C,1
0.602,0.00108414,14.079740259740259,A1-5-C,5,C,1
0.615,0.00107149,13.915454545454546,A1-5-C,5,C,1
0.628,0.00105333,13.67961038961039,A1-5-C,5,C,1
0.641,0.0010369,13.466233766233769,A1-5-C,5,C,1
0.654,0.00101984,13.244675324675324,A1-5-C,5,C,1
0.667,0.00100399,13.038831168831168,A1-5-C,5,C,1
0.68,0.00098958,12.851688311688314,A1-5-C,5,C,1
0.693,0.00097252,12.63012987012987,A1-5-C,5,C,1
0.706,0.00095383,12.387402597402598,A1-5-C,5,C,1
0.719,0.00093529,12.146623376623378,A1-5-C,5,C,1
0.732,0.00091502,11.883376623376623,A1-5-C,5,C,1
0.745,0.00089509,11.624545454545455,A1-5-C,5,C,1
0.758,0.00087053,11.305584415584416,A1-5-C,5,C,1
0.771,0.0008484,11.01818181818182,A1-5-C,5,C,1
0.784,0.00082392,10.70025974025974,A1-5-C,5,C,1
0.797,0.00079933,10.38090909090909,A1-5-C,5,C,1
0.81,0.00077242,10.031428571428572,A1-5-C,5,C,1
0.823,0.00074476,9.672207792207793,A1-5-C,5,C,1
0.836,0.00071479,9.282987012987013,A1-5-C,5,C,1
0.849,0.00068269,8.866103896103896,A1-5-C,5,C,1
0.862,0.00065126,8.457922077922078,A1-5-C,5,C,1
0.875,0.00061571,7.9962337662337655,A1-5-C,5,C,1
0.888,0.00057689,7.492077922077923,A1-5-C,5,C,1
0.901,0.00053574,6.957662337662338,A1-5-C,5,C,1
0.914,0.0004906,6.371428571428571,A1-5-C,5,C,1
0.927,0.00044843,5.823766233766234,A1-5-C,5,C,1
0.94,0.00039666,5.151428571428571,A1-5-C,5,C,1
0.953,0.00034715,4.508441558441559,A1-5-C,5,C,1
0.966,0.0002906,3.7740259740259745,A1-5-C,5,C,1
0.979,0.00023018,2.989350649350649,A1-5-C,5,C,1
0.992,0.00016888,2.1932467532467532,A1-5-C,5,C,1
1.005,0.00010352,1.3444155844155843,A1-5-C,5,C,1
1.018,3.972e-05,0.5158441558441559,A1-5-C,5,C,1
1.031,-3.882e-05,-0.5041558441558441,A1-5-C,5,C,1
1.044,-8.557e-05,-1.1112987012987012,A1-5-C,5,C,1
1.057,-0.00017518,-2.2750649350649352,A1-5-C,5,C,1
1.07,-0.00026742,-3.4729870129870126,A1-5-C,5,C,1
1.083,-0.00036055,-4.682467532467533,A1-5-C,5,C,1
1.096,-0.00045976,-5.970909090909091,A1-5-C,5,C,1
1.109,-0.00056169,-7.294675324675325,A1-5-C,5,C,1
1.122,-0.00066729,-8.666103896103895,A1-5-C,5,C,1
1.135,-0.00077579,-10.075194805194807,A1-5-C,5,C,1
1.148,-0.00088643,-11.512077922077921,A1-5-C,5,C,1
1.161,-0.00100306,-13.026753246753248,A1-5-C,5,C,1
1.174,-0.00110783,-14.387402597402597,A1-5-C,5,C,1
1.187,-0.00122713,-15.936753246753248,A1-5-C,5,C,1
1.2,-0.00135084,-17.543376623376624,A1-5-C,5,C,1
-0.1,0.0016497,21.424675324675327,A1-5-D,5,D,1
-0.087,0.00164829,21.406363636363636,A1-5-D,5,D,1
-0.074,0.00164845,21.40844155844156,A1-5-D,5,D,1
-0.061,0.00164807,21.40350649350649,A1-5-D,5,D,1
-0.048,0.00164782,21.40025974025974,A1-5-D,5,D,1
-0.035,0.00164775,21.399350649350648,A1-5-D,5,D,1
-0.022,0.00164733,21.393896103896108,A1-5-D,5,D,1
-0.009,0.00164687,21.387922077922077,A1-5-D,5,D,1
0.004,0.00164699,21.38948051948052,A1-5-D,5,D,1
0.017,0.00164666,21.385194805194807,A1-5-D,5,D,1
0.03,0.00164569,21.372597402597403,A1-5-D,5,D,1
0.043,0.00164598,21.37636363636364,A1-5-D,5,D,1
0.056,0.0016458,21.374025974025976,A1-5-D,5,D,1
0.069,0.00164589,21.375194805194802,A1-5-D,5,D,1
0.082,0.00164476,21.360519480519482,A1-5-D,5,D,1
0.095,0.00164492,21.362597402597405,A1-5-D,5,D,1
0.108,0.00164389,21.34922077922078,A1-5-D,5,D,1
0.121,0.00164358,21.345194805194804,A1-5-D,5,D,1
0.134,0.00164385,21.3487012987013,A1-5-D,5,D,1
0.147,0.00164279,21.334935064935067,A1-5-D,5,D,1
0.16,0.00164219,21.327142857142857,A1-5-D,5,D,1
0.173,0.00164223,21.327662337662336,A1-5-D,5,D,1
0.186,0.0016415,21.31818181818182,A1-5-D,5,D,1
0.199,0.00164096,21.31116883116883,A1-5-D,5,D,1
0.212,0.00164059,21.30636363636364,A1-5-D,5,D,1
0.225,0.0016399,21.297402597402595,A1-5-D,5,D,1
0.238,0.00163887,21.284025974025973,A1-5-D,5,D,1
0.251,0.00163836,21.277402597402595,A1-5-D,5,D,1
0.264,0.00163766,21.268311688311687,A1-5-D,5,D,1
0.277,0.00163676,21.256623376623377,A1-5-D,5,D,1
0.29,0.00163627,21.25025974025974,A1-5-D,5,D,1
0.303,0.00163538,21.238701298701297,A1-5-D,5,D,1
0.316,0.00163367,21.216493506493507,A1-5-D,5,D,1
0.329,0.00163321,21.21051948051948,A1-5-D,5,D,1
0.342,0.00163223,21.197792207792208,A1-5-D,5,D,1
0.355,0.00163132,21.185974025974026,A1-5-D,5,D,1
0.368,0.00163025,21.17207792207792,A1-5-D,5,D,1
0.381,0.00162889,21.154415584415585,A1-5-D,5,D,1
0.394,0.00162771,21.13909090909091,A1-5-D,5,D,1
0.407,0.00162576,21.113766233766235,A1-5-D,5,D,1
0.42,0.00162436,21.095584415584415,A1-5-D,5,D,1
0.433,0.00162357,21.085324675324674,A1-5-D,5,D,1
0.446,0.00162158,21.05948051948052,A1-5-D,5,D,1
0.459,0.00161968,21.034805194805198,A1-5-D,5,D,1
0.472,0.00161777,21.01,A1-5-D,5,D,1
0.485,0.00161617,20.98922077922078,A1-5-D,5,D,1
0.498,0.00161389,20.95961038961039,A1-5-D,5,D,1
0.511,0.00161224,20.938181818181818,A1-5-D,5,D,1
0.524,0.0016101,20.910389610389608,A1-5-D,5,D,1
0.537,0.001608,20.883116883116884,A1-5-D,5,D,1
0.55,0.00160479,20.841428571428573,A1-5-D,5,D,1
0.563,0.00160198,20.804935064935066,A1-5-D,5,D,1
0.576,0.00159979,20.776493506493505,A1-5-D,5,D,1
0.589,0.00159639,20.732337662337663,A1-5-D,5,D,1
0.602,0.00159305,20.68896103896104,A1-5-D,5,D,1
0.615,0.00158905,20.637012987012987,A1-5-D,5,D,1
0.628,0.00158537,20.58922077922078,A1-5-D,5,D,1
0.641,0.00158118,20.534805194805195,A1-5-D,5,D,1
0.654,0.00157657,20.474935064935064,A1-5-D,5,D,1
0.667,0.00157123,20.405584415584414,A1-5-D,5,D,1
0.68,0.00156602,20.33792207792208,A1-5-D,5,D,1
0.693,0.00155991,20.258571428571432,A1-5-D,5,D,1
0.706,0.00155302,20.16909090909091,A1-5-D,5,D,1
0.719,0.00154541,20.070259740259743,A1-5-D,5,D,1
0.732,0.00153676,19.957922077922078,A1-5-D,5,D,1
0.745,0.00152754,19.838181818181816,A1-5-D,5,D,1
0.758,0.00151661,19.696233766233767,A1-5-D,5,D,1
0.771,0.00150497,19.545064935064936,A1-5-D,5,D,1
0.784,0.00149127,19.367142857142856,A1-5-D,5,D,1
0.797,0.00147554,19.162857142857145,A1-5-D,5,D,1
0.81,0.00145835,18.939610389610387,A1-5-D,5,D,1
0.823,0.0014383,18.679220779220778,A1-5-D,5,D,1
0.836,0.00141543,18.382207792207794,A1-5-D,5,D,1
0.849,0.00138981,18.04948051948052,A1-5-D,5,D,1
0.862,0.00136064,17.67064935064935,A1-5-D,5,D,1
0.875,0.00132794,17.245974025974025,A1-5-D,5,D,1
0.888,0.00129138,16.771168831168833,A1-5-D,5,D,1
0.901,0.00125003,16.234155844155847,A1-5-D,5,D,1
0.914,0.00120309,15.624545454545455,A1-5-D,5,D,1
0.927,0.00115224,14.964155844155842,A1-5-D,5,D,1
0.94,0.00109621,14.236493506493506,A1-5-D,5,D,1
0.953,0.00103461,13.436493506493507,A1-5-D,5,D,1
0.966,0.00099958,12.98155844155844,A1-5-D,5,D,1
0.979,0.00092303,11.987402597402598,A1-5-D,5,D,1
0.992,0.00084148,10.92831168831169,A1-5-D,5,D,1
1.005,0.00075545,9.811038961038962,A1-5-D,5,D,1
1.018,0.00066475,8.633116883116884,A1-5-D,5,D,1
1.031,0.00056861,7.384545454545455,A1-5-D,5,D,1
1.044,0.00046743,6.070519480519481,A1-5-D,5,D,1
1.057,0.00036079,4.685584415584415,A1-5-D,5,D,1
1.07,0.00024904,3.234285714285715,A1-5-D,5,D,1
1.083,0.00013219,1.7167532467532467,A1-5-D,5,D,1
1.096,3.061e-05,0.3975324675324675,A1-5-D,5,D,1
1.109,-9.864e-05,-1.281038961038961,A1-5-D,5,D,1
1.122,-0.00020064,-2.605714285714286,A1-5-D,5,D,1
1.135,-0.00034184,-4.43948051948052,A1-5-D,5,D,1
1.148,-0.00048601,-6.3118181818181816,A1-5-D,5,D,1
1.161,-0.00063267,-8.216493506493507,A1-5-D,5,D,1
1.174,-0.0007819,-10.154545454545454,A1-5-D,5,D,1
1.187,-0.00093341,-12.122207792207792,A1-5-D,5,D,1
1.2,-0.00107737,-13.991818181818182,A1-5-D,5,D,1
-0.1,0.00182863,23.74844155844156,A1-5-E,5,E,1
-0.087,0.00182789,23.73883116883117,A1-5-E,5,E,1
-0.074,0.00182779,23.737532467532468,A1-5-E,5,E,1
-0.061,0.00182778,23.737402597402596,A1-5-E,5,E,1
-0.048,0.00182763,23.735454545454544,A1-5-E,5,E,1
-0.035,0.00182766,23.735844155844156,A1-5-E,5,E,1
-0.022,0.00182719,23.72974025974026,A1-5-E,5,E,1
-0.009,0.00182746,23.733246753246753,A1-5-E,5,E,1
0.004,0.00182711,23.728701298701303,A1-5-E,5,E,1
0.017,0.00182648,23.72051948051948,A1-5-E,5,E,1
0.03,0.00182592,23.713246753246754,A1-5-E,5,E,1
0.043,0.00182529,23.705064935064936,A1-5-E,5,E,1
0.056,0.00182496,23.70077922077922,A1-5-E,5,E,1
0.069,0.00182465,23.696753246753246,A1-5-E,5,E,1
0.082,0.00182474,23.69792207792208,A1-5-E,5,E,1
0.095,0.00182414,23.69012987012987,A1-5-E,5,E,1
0.108,0.00182431,23.69233766233766,A1-5-E,5,E,1
0.121,0.00182303,23.675714285714285,A1-5-E,5,E,1
0.134,0.00182233,23.666623376623377,A1-5-E,5,E,1
0.147,0.00182191,23.66116883116883,A1-5-E,5,E,1
0.16,0.00182154,23.656363636363636,A1-5-E,5,E,1
0.173,0.00182111,23.65077922077922,A1-5-E,5,E,1
0.186,0.00182094,23.64857142857143,A1-5-E,5,E,1
0.199,0.00182052,23.643116883116885,A1-5-E,5,E,1
0.212,0.00182013,23.63805194805195,A1-5-E,5,E,1
0.225,0.00181951,23.630000000000003,A1-5-E,5,E,1
0.238,0.00181848,23.616623376623373,A1-5-E,5,E,1
0.251,0.00181794,23.609610389610392,A1-5-E,5,E,1
0.264,0.00181786,23.608571428571427,A1-5-E,5,E,1
0.277,0.00181708,23.598441558441557,A1-5-E,5,E,1
0.29,0.00181627,23.58792207792208,A1-5-E,5,E,1
0.303,0.00181534,23.575844155844155,A1-5-E,5,E,1
0.316,0.00181506,23.572207792207795,A1-5-E,5,E,1
0.329,0.00181404,23.55896103896104,A1-5-E,5,E,1
0.342,0.00181345,23.551298701298702,A1-5-E,5,E,1
0.355,0.00181282,23.54311688311688,A1-5-E,5,E,1
0.368,0.00181225,23.53571428571429,A1-5-E,5,E,1
0.381,0.00181135,23.524025974025975,A1-5-E,5,E,1
0.394,0.00181045,23.51233766233766,A1-5-E,5,E,1
0.407,0.00180953,23.50038961038961,A1-5-E,5,E,1
0.42,0.00180808,23.48155844155844,A1-5-E,5,E,1
0.433,0.00180706,23.46831168831169,A1-5-E,5,E,1
0.446,0.0018065,23.46103896103896,A1-5-E,5,E,1
0.459,0.0018057,23.45064935064935,A1-5-E,5,E,1
0.472,0.00180488,23.439999999999998,A1-5-E,5,E,1
0.485,0.00180354,23.422597402597404,A1-5-E,5,E,1
0.498,0.00180194,23.40181818181818,A1-5-E,5,E,1
0.511,0.00180047,23.382727272727273,A1-5-E,5,E,1
0.524,0.00179978,23.373766233766233,A1-5-E,5,E,1
0.537,0.0017986,23.35844155844156,A1-5-E,5,E,1
0.55,0.00179677,23.334675324675324,A1-5-E,5,E,1
0.563,0.00179545,23.31753246753247,A1-5-E,5,E,1
0.576,0.00179305,23.286363636363635,A1-5-E,5,E,1
0.589,0.00179169,23.2687012987013,A1-5-E,5,E,1
0.602,0.00178959,23.24142857142857,A1-5-E,5,E,1
0.615,0.00178715,23.20974025974026,A1-5-E,5,E,1
0.628,0.00178506,23.182597402597402,A1-5-E,5,E,1
0.641,0.00178264,23.15116883116883,A1-5-E,5,E,1
0.654,0.00178015,23.11883116883117,A1-5-E,5,E,1
0.667,0.00177707,23.07883116883117,A1-5-E,5,E,1
0.68,0.00177287,23.024285714285714,A1-5-E,5,E,1
0.693,0.00176993,22.986103896103895,A1-5-E,5,E,1
0.706,0.00176561,22.93,A1-5-E,5,E,1
0.719,0.0017621,22.884415584415585,A1-5-E,5,E,1
0.732,0.00175714,22.82,A1-5-E,5,E,1
0.745,0.00175123,22.743246753246755,A1-5-E,5,E,1
0.758,0.00174591,22.674155844155845,A1-5-E,5,E,1
0.771,0.00173942,22.58987012987013,A1-5-E,5,E,1
0.784,0.00173183,22.4912987012987,A1-5-E,5,E,1
0.797,0.00172306,22.377402597402597,A1-5-E,5,E,1
0.81,0.00171333,22.25103896103896,A1-5-E,5,E,1
0.823,0.00170236,22.10857142857143,A1-5-E,5,E,1
0.836,0.00168894,21.934285714285714,A1-5-E,5,E,1
0.849,0.00167387,21.73857142857143,A1-5-E,5,E,1
0.862,0.00165698,21.51922077922078,A1-5-E,5,E,1
0.875,0.0016359,21.245454545454546,A1-5-E,5,E,1
0.888,0.00161109,20.92324675324675,A1-5-E,5,E,1
0.901,0.0015829,20.557142857142857,A1-5-E,5,E,1
0.914,0.00154985,20.12792207792208,A1-5-E,5,E,1
0.927,0.00151107,19.624285714285715,A1-5-E,5,E,1
0.94,0.0014659,19.03766233766234,A1-5-E,5,E,1
0.953,0.00141442,18.369090909090907,A1-5-E,5,E,1
0.966,0.00135332,17.575584415584416,A1-5-E,5,E,1
0.979,0.00128294,16.66155844155844,A1-5-E,5,E,1
0.992,0.00120558,15.656883116883117,A1-5-E,5,E,1
1.005,0.00111649,14.499870129870128,A1-5-E,5,E,1
1.018,0.00101754,13.214805194805194,A1-5-E,5,E,1
1.031,0.00093846,12.187792207792208,A1-5-E,5,E,1
1.044,0.0008149,10.583116883116883,A1-5-E,5,E,1
1.057,0.00068073,8.84064935064935,A1-5-E,5,E,1
1.07,0.00053569,6.9570129870129875,A1-5-E,5,E,1
1.083,0.00038162,4.956103896103896,A1-5-E,5,E,1
1.096,0.00021785,2.8292207792207793,A1-5-E,5,E,1
1.109,6.962e-05,0.9041558441558442,A1-5-E,5,E,1
1.122,-0.000105,-1.3636363636363638,A1-5-E,5,E,1
1.135,-0.0002632,-3.418181818181818,A1-5-E,5,E,1
1.148,-0.00046294,-6.012207792207793,A1-5-E,5,E,1
1.161,-0.00066893,-8.687402597402597,A1-5-E,5,E,1
1.174,-0.00088086,-11.439740259740262,A1-5-E,5,E,1
1.187,-0.00106963,-13.891298701298702,A1-5-E,5,E,1
1.2,-0.00129529,-16.82194805194805,A1-5-E,5,E,1
-0.1,0.00093925,12.198051948051948,A1-6-A,6,A,1
-0.087,0.00093607,12.156753246753247,A1-6-A,6,A,1
-0.074,0.00093294,12.116103896103898,A1-6-A,6,A,1
-0.061,0.00093004,12.07844155844156,A1-6-A,6,A,1
-0.048,0.00092736,12.043636363636365,A1-6-A,6,A,1
-0.035,0.00092456,12.007272727272728,A1-6-A,6,A,1
-0.022,0.000922,11.974025974025974,A1-6-A,6,A,1
-0.009,0.00091945,11.940909090909093,A1-6-A,6,A,1
0.004,0.0009185,11.928571428571429,A1-6-A,6,A,1
0.017,0.00091423,11.873116883116882,A1-6-A,6,A,1
0.03,0.00091155,11.838311688311688,A1-6-A,6,A,1
0.043,0.00090887,11.803506493506493,A1-6-A,6,A,1
0.056,0.00090612,11.767792207792208,A1-6-A,6,A,1
0.069,0.00090328,11.73090909090909,A1-6-A,6,A,1
0.082,0.00090064,11.696623376623377,A1-6-A,6,A,1
0.095,0.00089795,11.661688311688312,A1-6-A,6,A,1
0.108,0.00089482,11.62103896103896,A1-6-A,6,A,1
0.121,0.00089203,11.584805194805195,A1-6-A,6,A,1
0.134,0.00088907,11.546363636363637,A1-6-A,6,A,1
0.147,0.00088585,11.504545454545454,A1-6-A,6,A,1
0.16,0.00088275,11.464285714285714,A1-6-A,6,A,1
0.173,0.0008797,11.424675324675325,A1-6-A,6,A,1
0.186,0.00087673,11.386103896103897,A1-6-A,6,A,1
0.199,0.00087343,11.343246753246754,A1-6-A,6,A,1
0.212,0.00087003,11.299090909090909,A1-6-A,6,A,1
0.225,0.00086674,11.256363636363636,A1-6-A,6,A,1
0.238,0.00086307,11.208701298701298,A1-6-A,6,A,1
0.251,0.00085969,11.164805194805194,A1-6-A,6,A,1
0.264,0.00085619,11.119350649350649,A1-6-A,6,A,1
0.277,0.00085252,11.071688311688312,A1-6-A,6,A,1
0.29,0.00084853,11.01987012987013,A1-6-A,6,A,1
0.303,0.00084492,10.972987012987012,A1-6-A,6,A,1
0.316,0.00084111,10.923506493506492,A1-6-A,6,A,1
0.329,0.00083691,10.86896103896104,A1-6-A,6,A,1
0.342,0.00083281,10.815714285714286,A1-6-A,6,A,1
0.355,0.00082857,10.760649350649352,A1-6-A,6,A,1
0.368,0.0008243,10.705194805194806,A1-6-A,6,A,1
0.381,0.00081982,10.647012987012985,A1-6-A,6,A,1
0.394,0.0008153,10.588311688311688,A1-6-A,6,A,1
0.407,0.00081051,10.526103896103896,A1-6-A,6,A,1
0.42,0.00080579,10.464805194805194,A1-6-A,6,A,1
0.433,0.00080094,10.401818181818182,A1-6-A,6,A,1
0.446,0.00079599,10.337532467532467,A1-6-A,6,A,1
0.459,0.00079081,10.270259740259739,A1-6-A,6,A,1
0.472,0.00078543,10.20038961038961,A1-6-A,6,A,1
0.485,0.00077989,10.128441558441558,A1-6-A,6,A,1
0.498,0.0007743,10.055844155844156,A1-6-A,6,A,1
0.511,0.00076869,9.982987012987014,A1-6-A,6,A,1
0.524,0.00076275,9.905844155844155,A1-6-A,6,A,1
0.537,0.00075646,9.824155844155845,A1-6-A,6,A,1
0.55,0.00075019,9.742727272727272,A1-6-A,6,A,1
0.563,0.00074376,9.65922077922078,A1-6-A,6,A,1
0.576,0.00073701,9.571558441558441,A1-6-A,6,A,1
0.589,0.00073017,9.482727272727272,A1-6-A,6,A,1
0.602,0.000723,9.389610389610391,A1-6-A,6,A,1
0.615,0.00071548,9.29194805194805,A1-6-A,6,A,1
0.628,0.00070783,9.192597402597404,A1-6-A,6,A,1
0.641,0.00069999,9.090779220779222,A1-6-A,6,A,1
0.654,0.00069185,8.985064935064937,A1-6-A,6,A,1
0.667,0.00068328,8.873766233766233,A1-6-A,6,A,1
0.68,0.00067433,8.757532467532467,A1-6-A,6,A,1
0.693,0.00066509,8.637532467532468,A1-6-A,6,A,1
0.706,0.00065564,8.514805194805195,A1-6-A,6,A,1
0.719,0.00064567,8.385324675324675,A1-6-A,6,A,1
0.732,0.00063529,8.25051948051948,A1-6-A,6,A,1
0.745,0.00062422,8.106753246753247,A1-6-A,6,A,1
0.758,0.00061271,7.957272727272728,A1-6-A,6,A,1
0.771,0.00060068,7.801038961038961,A1-6-A,6,A,1
0.784,0.00058805,7.637012987012987,A1-6-A,6,A,1
0.797,0.00057474,7.464155844155845,A1-6-A,6,A,1
0.81,0.0005609,7.284415584415585,A1-6-A,6,A,1
0.823,0.00054607,7.091818181818181,A1-6-A,6,A,1
0.836,0.00053031,6.887142857142857,A1-6-A,6,A,1
0.849,0.00051383,6.673116883116882,A1-6-A,6,A,1
0.862,0.00049627,6.445064935064935,A1-6-A,6,A,1
0.875,0.00047777,6.2048051948051945,A1-6-A,6,A,1
0.888,0.00045822,5.950909090909091,A1-6-A,6,A,1
0.901,0.0004375,5.681818181818182,A1-6-A,6,A,1
0.914,0.00041547,5.395714285714286,A1-6-A,6,A,1
0.927,0.00039225,5.0941558441558445,A1-6-A,6,A,1
0.94,0.0003677,4.775324675324676,A1-6-A,6,A,1
0.953,0.00034161,4.436493506493506,A1-6-A,6,A,1
0.966,0.00031415,4.07987012987013,A1-6-A,6,A,1
0.979,0.00028509,3.7024675324675322,A1-6-A,6,A,1
0.992,0.00025461,3.306623376623377,A1-6-A,6,A,1
1.005,0.00022261,2.8910389610389613,A1-6-A,6,A,1
1.018,0.00018883,2.4523376623376625,A1-6-A,6,A,1
1.031,0.00015355,1.9941558441558442,A1-6-A,6,A,1
1.044,0.00011658,1.514025974025974,A1-6-A,6,A,1
1.057,7.853e-05,1.0198701298701298,A1-6-A,6,A,1
1.07,3.842e-05,0.49896103896103894,A1-6-A,6,A,1
1.083,-3.51e-06,-0.04558441558441558,A1-6-A,6,A,1
1.096,-6.632e-05,-0.8612987012987013,A1-6-A,6,A,1
1.109,-0.00011806,-1.5332467532467535,A1-6-A,6,A,1
1.122,-0.00016517,-2.145064935064935,A1-6-A,6,A,1
1.135,-0.0002147,-2.7883116883116883,A1-6-A,6,A,1
1.148,-0.00026579,-3.451818181818182,A1-6-A,6,A,1
1.161,-0.00031851,-4.1364935064935064,A1-6-A,6,A,1
1.174,-0.00037292,-4.843116883116883,A1-6-A,6,A,1
1.187,-0.00042899,-5.571298701298702,A1-6-A,6,A,1
1.2,-0.00048665,-6.32012987012987,A1-6-A,6,A,1
-0.1,0.00151449,19.6687012987013,A1-6-B,6,B,1
-0.087,0.00151331,19.653376623376623,A1-6-B,6,B,1
-0.074,0.00151166,19.631948051948054,A1-6-B,6,B,1
-0.061,0.00151109,19.62454545454546,A1-6-B,6,B,1
-0.048,0.00151027,19.613896103896103,A1-6-B,6,B,1
-0.035,0.00150944,19.603116883116883,A1-6-B,6,B,1
-0.022,0.00150858,19.59194805194805,A1-6-B,6,B,1
-0.009,0.00150762,19.57948051948052,A1-6-B,6,B,1
0.004,0.00150744,19.57714285714286,A1-6-B,6,B,1
0.017,0.00150537,19.55025974025974,A1-6-B,6,B,1
0.03,0.00150442,19.53792207792208,A1-6-B,6,B,1
0.043,0.00150316,19.52155844155844,A1-6-B,6,B,1
0.056,0.00150195,19.505844155844155,A1-6-B,6,B,1
0.069,0.00150095,19.492857142857144,A1-6-B,6,B,1
0.082,0.00149937,19.47233766233766,A1-6-B,6,B,1
0.095,0.00149808,19.455584415584415,A1-6-B,6,B,1
0.108,0.00149686,19.43974025974026,A1-6-B,6,B,1
0.121,0.00149481,19.41311688311688,A1-6-B,6,B,1
0.134,0.00149348,19.395844155844156,A1-6-B,6,B,1
0.147,0.00149121,19.366363636363637,A1-6-B,6,B,1
0.16,0.00148927,19.34116883116883,A1-6-B,6,B,1
0.173,0.00148722,19.314545454545456,A1-6-B,6,B,1
0.186,0.00148541,19.29103896103896,A1-6-B,6,B,1
0.199,0.00148392,19.271688311688308,A1-6-B,6,B,1
0.212,0.0014816,19.241558441558443,A1-6-B,6,B,1
0.225,0.00147947,19.213896103896104,A1-6-B,6,B,1
0.238,0.00147681,19.17935064935065,A1-6-B,6,B,1
0.251,0.00147448,19.149090909090912,A1-6-B,6,B,1
0.264,0.00147185,19.114935064935064,A1-6-B,6,B,1
0.277,0.00146938,19.08285714285714,A1-6-B,6,B,1
0.29,0.00146653,19.045844155844158,A1-6-B,6,B,1
0.303,0.00146354,19.007012987012985,A1-6-B,6,B,1
0.316,0.00146079,18.9712987012987,A1-6-B,6,B,1
0.329,0.00145707,18.92298701298701,A1-6-B,6,B,1
0.342,0.00145394,18.88233766233766,A1-6-B,6,B,1
0.355,0.00145046,18.837142857142858,A1-6-B,6,B,1
0.368,0.00144735,18.796753246753244,A1-6-B,6,B,1
0.381,0.00144356,18.74753246753247,A1-6-B,6,B,1
0.394,0.00144011,18.702727272727273,A1-6-B,6,B,1
0.407,0.00143602,18.64961038961039,A1-6-B,6,B,1
0.42,0.00143213,18.599090909090908,A1-6-B,6,B,1
0.433,0.00142758,18.54,A1-6-B,6,B,1
0.446,0.00142288,18.478961038961042,A1-6-B,6,B,1
0.459,0.00141808,18.416623376623374,A1-6-B,6,B,1
0.472,0.00141352,18.357402597402597,A1-6-B,6,B,1
0.485,0.00140828,18.28935064935065,A1-6-B,6,B,1
0.498,0.00140304,18.2212987012987,A1-6-B,6,B,1
0.511,0.00139783,18.153636363636366,A1-6-B,6,B,1
0.524,0.00139196,18.0774025974026,A1-6-B,6,B,1
0.537,0.00138602,18.00025974025974,A1-6-B,6,B,1
0.55,0.00138021,17.924805194805195,A1-6-B,6,B,1
0.563,0.00137399,17.844025974025975,A1-6-B,6,B,1
0.576,0.00136735,17.757792207792207,A1-6-B,6,B,1
0.589,0.00136074,17.671948051948053,A1-6-B,6,B,1
0.602,0.00135374,17.58103896103896,A1-6-B,6,B,1
0.615,0.00134669,17.48948051948052,A1-6-B,6,B,1
0.628,0.00133882,17.387272727272727,A1-6-B,6,B,1
0.641,0.0013312,17.28831168831169,A1-6-B,6,B,1
0.654,0.00132284,17.17974025974026,A1-6-B,6,B,1
0.667,0.00131441,17.07025974025974,A1-6-B,6,B,1
0.68,0.00130578,16.95818181818182,A1-6-B,6,B,1
0.693,0.00129663,16.83935064935065,A1-6-B,6,B,1
0.706,0.00128717,16.716493506493507,A1-6-B,6,B,1
0.719,0.00127678,16.581558441558442,A1-6-B,6,B,1
0.732,0.00126607,16.442467532467536,A1-6-B,6,B,1
0.745,0.00125449,16.292077922077922,A1-6-B,6,B,1
0.758,0.00124292,16.14181818181818,A1-6-B,6,B,1
0.771,0.00123037,15.978831168831167,A1-6-B,6,B,1
0.784,0.00121674,15.80181818181818,A1-6-B,6,B,1
0.797,0.00120287,15.621688311688311,A1-6-B,6,B,1
0.81,0.00118724,15.418701298701299,A1-6-B,6,B,1
0.823,0.00117048,15.201038961038963,A1-6-B,6,B,1
0.836,0.00115205,14.961688311688311,A1-6-B,6,B,1
0.849,0.00113185,14.699350649350649,A1-6-B,6,B,1
0.862,0.00110991,14.414415584415584,A1-6-B,6,B,1
0.875,0.00108561,14.09883116883117,A1-6-B,6,B,1
0.888,0.00105866,13.748831168831167,A1-6-B,6,B,1
0.901,0.00102882,13.3612987012987,A1-6-B,6,B,1
0.914,0.00100432,13.043116883116882,A1-6-B,6,B,1
0.927,0.00096648,12.551688311688313,A1-6-B,6,B,1
0.94,0.00092455,12.007142857142856,A1-6-B,6,B,1
0.953,0.00087861,11.410519480519481,A1-6-B,6,B,1
0.966,0.00082867,10.761948051948051,A1-6-B,6,B,1
0.979,0.00077441,10.057272727272727,A1-6-B,6,B,1
0.992,0.00071688,9.310129870129872,A1-6-B,6,B,1
1.005,0.0006554,8.511688311688312,A1-6-B,6,B,1
1.018,0.00059071,7.671558441558442,A1-6-B,6,B,1
1.031,0.00052265,6.787662337662338,A1-6-B,6,B,1
1.044,0.00045182,5.867792207792208,A1-6-B,6,B,1
1.057,0.00037809,4.91025974025974,A1-6-B,6,B,1
1.07,0.00030166,3.917662337662338,A1-6-B,6,B,1
1.083,0.00022279,2.893376623376623,A1-6-B,6,B,1
1.096,0.00014164,1.8394805194805195,A1-6-B,6,B,1
1.109,6.659e-05,0.8648051948051948,A1-6-B,6,B,1
1.122,-2.064e-05,-0.26805194805194804,A1-6-B,6,B,1
1.135,-9.276e-05,-1.2046753246753248,A1-6-B,6,B,1
1.148,-0.00018724,-2.431688311688312,A1-6-B,6,B,1
1.161,-0.0002842,-3.690909090909091,A1-6-B,6,B,1
1.174,-0.00038352,-4.980779220779221,A1-6-B,6,B,1
1.187,-0.00048499,-6.298571428571429,A1-6-B,6,B,1
1.2,-0.00058884,-7.647272727272727,A1-6-B,6,B,1
-0.1,0.00172905,22.455194805194804,A1-6-C,6,C,1
-0.087,0.00172884,22.452467532467534,A1-6-C,6,C,1
-0.074,0.00172848,22.447792207792208,A1-6-C,6,C,1
-0.061,0.00172777,22.43857142857143,A1-6-C,6,C,1
-0.048,0.00172833,22.445844155844156,A1-6-C,6,C,1
-0.035,0.00172842,22.447012987012986,A1-6-C,6,C,1
-0.022,0.00172755,22.435714285714283,A1-6-C,6,C,1
-0.009,0.00172709,22.42974025974026,A1-6-C,6,C,1
0.004,0.0017276,22.436363636363637,A1-6-C,6,C,1
0.017,0.00172692,22.42753246753247,A1-6-C,6,C,1
0.03,0.00172698,22.428311688311688,A1-6-C,6,C,1
0.043,0.00172597,22.415194805194805,A1-6-C,6,C,1
0.056,0.00172584,22.413506493506492,A1-6-C,6,C,1
0.069,0.00172575,22.412337662337666,A1-6-C,6,C,1
0.082,0.00172566,22.41116883116883,A1-6-C,6,C,1
0.095,0.00172518,22.404935064935064,A1-6-C,6,C,1
0.108,0.00172494,22.40181818181818,A1-6-C,6,C,1
0.121,0.00172384,22.387532467532466,A1-6-C,6,C,1
0.134,0.00172379,22.38688311688312,A1-6-C,6,C,1
0.147,0.00172316,22.3787012987013,A1-6-C,6,C,1
0.16,0.00172257,22.371038961038963,A1-6-C,6,C,1
0.173,0.00172204,22.364155844155842,A1-6-C,6,C,1
0.186,0.00172116,22.352727272727275,A1-6-C,6,C,1
0.199,0.0017209,22.34935064935065,A1-6-C,6,C,1
0.212,0.0017199,22.336363636363636,A1-6-C,6,C,1
0.225,0.00171908,22.325714285714284,A1-6-C,6,C,1
0.238,0.00171846,22.317662337662338,A1-6-C,6,C,1
0.251,0.00171713,22.30038961038961,A1-6-C,6,C,1
0.264,0.0017166,22.293506493506495,A1-6-C,6,C,1
0.277,0.00171583,22.283506493506493,A1-6-C,6,C,1
0.29,0.00171486,22.27090909090909,A1-6-C,6,C,1
0.303,0.00171371,22.255974025974027,A1-6-C,6,C,1
0.316,0.00171199,22.233636363636364,A1-6-C,6,C,1
0.329,0.00171063,22.215974025974027,A1-6-C,6,C,1
0.342,0.00170869,22.19077922077922,A1-6-C,6,C,1
0.355,0.00170733,22.173116883116883,A1-6-C,6,C,1
0.368,0.00170575,22.152597402597404,A1-6-C,6,C,1
0.381,0.00170387,22.12818181818182,A1-6-C,6,C,1
0.394,0.00170199,22.103766233766237,A1-6-C,6,C,1
0.407,0.0016993,22.068831168831167,A1-6-C,6,C,1
0.42,0.00169661,22.033896103896105,A1-6-C,6,C,1
0.433,0.00169389,21.99857142857143,A1-6-C,6,C,1
0.446,0.0016913,21.964935064935066,A1-6-C,6,C,1
0.459,0.00168851,21.9287012987013,A1-6-C,6,C,1
0.472,0.00168513,21.884805194805192,A1-6-C,6,C,1
0.485,0.00168207,21.845064935064933,A1-6-C,6,C,1
0.498,0.00167742,21.784675324675323,A1-6-C,6,C,1
0.511,0.00167369,21.736233766233767,A1-6-C,6,C,1
0.524,0.00166961,21.683246753246753,A1-6-C,6,C,1
0.537,0.00166455,21.61753246753247,A1-6-C,6,C,1
0.55,0.00165951,21.552077922077924,A1-6-C,6,C,1
0.563,0.00165351,21.474155844155845,A1-6-C,6,C,1
0.576,0.00164734,21.394025974025976,A1-6-C,6,C,1
0.589,0.00164092,21.31064935064935,A1-6-C,6,C,1
0.602,0.00163367,21.216493506493507,A1-6-C,6,C,1
0.615,0.00162628,21.12051948051948,A1-6-C,6,C,1
0.628,0.00161793,21.01207792207792,A1-6-C,6,C,1
0.641,0.00160907,20.89701298701299,A1-6-C,6,C,1
0.654,0.00159985,20.777272727272727,A1-6-C,6,C,1
0.667,0.00158952,20.643116883116885,A1-6-C,6,C,1
0.68,0.00157839,20.498571428571427,A1-6-C,6,C,1
0.693,0.00156565,20.333116883116883,A1-6-C,6,C,1
0.706,0.0015523,20.15974025974026,A1-6-C,6,C,1
0.719,0.00153767,19.96974025974026,A1-6-C,6,C,1
0.732,0.00152162,19.761298701298703,A1-6-C,6,C,1
0.745,0.00150393,19.531558441558442,A1-6-C,6,C,1
0.758,0.00148461,19.28064935064935,A1-6-C,6,C,1
0.771,0.00146323,19.002987012987013,A1-6-C,6,C,1
0.784,0.00143951,18.694935064935063,A1-6-C,6,C,1
0.797,0.00141349,18.357012987012986,A1-6-C,6,C,1
0.81,0.00138478,17.984155844155843,A1-6-C,6,C,1
0.823,0.00135334,17.57584415584416,A1-6-C,6,C,1
0.836,0.00131867,17.125584415584417,A1-6-C,6,C,1
0.849,0.00128093,16.635454545454547,A1-6-C,6,C,1
0.862,0.00123954,16.097922077922075,A1-6-C,6,C,1
0.875,0.0011949,15.518181818181818,A1-6-C,6,C,1
0.888,0.00114686,14.894285714285713,A1-6-C,6,C,1
0.901,0.00109513,14.222467532467531,A1-6-C,6,C,1
0.914,0.00103961,13.501428571428573,A1-6-C,6,C,1
0.927,0.00099977,12.984025974025975,A1-6-C,6,C,1
0.94,0.00093615,12.157792207792207,A1-6-C,6,C,1
0.953,0.00086862,11.280779220779221,A1-6-C,6,C,1
0.966,0.00079817,10.365844155844156,A1-6-C,6,C,1
0.979,0.00072477,9.412597402597404,A1-6-C,6,C,1
0.992,0.00064858,8.423116883116883,A1-6-C,6,C,1
1.005,0.00056988,7.401038961038961,A1-6-C,6,C,1
1.018,0.00048839,6.342727272727273,A1-6-C,6,C,1
1.031,0.0004043,5.2506493506493515,A1-6-C,6,C,1
1.044,0.00031746,4.122857142857143,A1-6-C,6,C,1
1.057,0.00022809,2.962207792207792,A1-6-C,6,C,1
1.07,0.00013612,1.7677922077922077,A1-6-C,6,C,1
1.083,5.335e-05,0.6928571428571428,A1-6-C,6,C,1
1.096,-4.421e-05,-0.5741558441558441,A1-6-C,6,C,1
1.109,-0.00012524,-1.6264935064935064,A1-6-C,6,C,1
1.122,-0.00022881,-2.9715584415584417,A1-6-C,6,C,1
1.135,-0.00033486,-4.348831168831168,A1-6-C,6,C,1
1.148,-0.00044236,-5.744935064935064,A1-6-C,6,C,1
1.161,-0.00055177,-7.165844155844156,A1-6-C,6,C,1
1.174,-0.00066275,-8.607142857142858,A1-6-C,6,C,1
1.187,-0.00077565,-10.073376623376623,A1-6-C,6,C,1
1.2,-0.00089026,-11.561818181818182,A1-6-C,6,C,1
-0.1,0.00164931,21.41961038961039,A1-6-D,6,D,1
-0.087,0.00163863,21.280909090909095,A1-6-D,6,D,1
-0.074,0.00162831,21.146883116883117,A1-6-D,6,D,1
-0.061,0.00161831,21.017012987012986,A1-6-D,6,D,1
-0.048,0.00160845,20.88896103896104,A1-6-D,6,D,1
-0.035,0.00159872,20.762597402597404,A1-6-D,6,D,1
-0.022,0.0015892,20.63896103896104,A1-6-D,6,D,1
-0.009,0.00157966,20.515064935064938,A1-6-D,6,D,1
0.004,0.00157102,20.402857142857144,A1-6-D,6,D,1
0.017,0.00156091,20.27155844155844,A1-6-D,6,D,1
0.03,0.00154978,20.127012987012986,A1-6-D,6,D,1
0.043,0.00153956,19.994285714285713,A1-6-D,6,D,1
0.056,0.00152731,19.835194805194806,A1-6-D,6,D,1
0.069,0.00151506,19.676103896103896,A1-6-D,6,D,1
0.082,0.00150324,19.522597402597402,A1-6-D,6,D,1
0.095,0.00148943,19.343246753246753,A1-6-D,6,D,1
0.108,0.00147523,19.15883116883117,A1-6-D,6,D,1
0.121,0.00146196,18.986493506493506,A1-6-D,6,D,1
0.134,0.0014468,18.78961038961039,A1-6-D,6,D,1
0.147,0.00143201,18.597532467532467,A1-6-D,6,D,1
0.16,0.00141936,18.433246753246753,A1-6-D,6,D,1
0.173,0.00140533,18.25103896103896,A1-6-D,6,D,1
0.186,0.00139099,18.064805194805192,A1-6-D,6,D,1
0.199,0.0013789,17.907792207792205,A1-6-D,6,D,1
0.212,0.00136711,17.754675324675325,A1-6-D,6,D,1
0.225,0.00135102,17.545714285714286,A1-6-D,6,D,1
0.238,0.00133733,17.367922077922078,A1-6-D,6,D,1
0.251,0.00132149,17.16220779220779,A1-6-D,6,D,1
0.264,0.00130752,16.98077922077922,A1-6-D,6,D,1
0.277,0.00129273,16.788701298701298,A1-6-D,6,D,1
0.29,0.00127881,16.60792207792208,A1-6-D,6,D,1
0.303,0.00126342,16.408051948051945,A1-6-D,6,D,1
0.316,0.00124419,16.15831168831169,A1-6-D,6,D,1
0.329,0.00123077,15.984025974025974,A1-6-D,6,D,1
0.342,0.00121525,15.782467532467534,A1-6-D,6,D,1
0.355,0.00119545,15.525324675324676,A1-6-D,6,D,1
0.368,0.0011765,15.279220779220779,A1-6-D,6,D,1
0.381,0.00116117,15.08012987012987,A1-6-D,6,D,1
0.394,0.00113793,14.778311688311689,A1-6-D,6,D,1
0.407,0.00111943,14.53805194805195,A1-6-D,6,D,1
0.42,0.00109983,14.283506493506493,A1-6-D,6,D,1
0.433,0.00108352,14.07168831168831,A1-6-D,6,D,1
0.446,0.00105875,13.75,A1-6-D,6,D,1
0.459,0.00103524,13.444675324675325,A1-6-D,6,D,1
0.472,0.00101586,13.192987012987013,A1-6-D,6,D,1
0.485,0.00100511,13.053376623376623,A1-6-D,6,D,1
0.498,0.00096984,12.595324675324676,A1-6-D,6,D,1
0.511,0.0009585,12.44805194805195,A1-6-D,6,D,1
0.524,0.0009229,11.985714285714288,A1-6-D,6,D,1
0.537,0.00089162,11.57948051948052,A1-6-D,6,D,1
0.55,0.00086578,11.243896103896105,A1-6-D,6,D,1
0.563,0.00083922,10.89896103896104,A1-6-D,6,D,1
0.576,0.0008138,10.56883116883117,A1-6-D,6,D,1
0.589,0.00078245,10.16168831168831,A1-6-D,6,D,1
0.602,0.00075482,9.802857142857142,A1-6-D,6,D,1
0.615,0.00072027,9.354155844155844,A1-6-D,6,D,1
0.628,0.00069913,9.079610389610389,A1-6-D,6,D,1
0.641,0.00067259,8.734935064935065,A1-6-D,6,D,1
0.654,0.00064785,8.413636363636364,A1-6-D,6,D,1
0.667,0.00062227,8.081428571428571,A1-6-D,6,D,1
0.68,0.00059036,7.667012987012986,A1-6-D,6,D,1
0.693,0.00056622,7.353506493506494,A1-6-D,6,D,1
0.706,0.00052449,6.811558441558441,A1-6-D,6,D,1
0.719,0.00048537,6.303506493506494,A1-6-D,6,D,1
0.732,0.0004444,5.771428571428571,A1-6-D,6,D,1
0.745,0.00041066,5.333246753246753,A1-6-D,6,D,1
0.758,0.00035888,4.6607792207792205,A1-6-D,6,D,1
0.771,0.00031419,4.08038961038961,A1-6-D,6,D,1
0.784,0.00027848,3.6166233766233766,A1-6-D,6,D,1
0.797,0.00024161,3.137792207792208,A1-6-D,6,D,1
0.81,0.00019375,2.5162337662337664,A1-6-D,6,D,1
0.823,0.00016125,2.094155844155844,A1-6-D,6,D,1
0.836,0.00010333,1.341948051948052,A1-6-D,6,D,1
0.849,6.573e-05,0.8536363636363636,A1-6-D,6,D,1
0.862,2.222e-05,0.28857142857142853,A1-6-D,6,D,1
0.875,-1.492e-05,-0.19376623376623378,A1-6-D,6,D,1
0.888,-5.69e-05,-0.7389610389610389,A1-6-D,6,D,1
0.901,-6.554e-05,-0.8511688311688311,A1-6-D,6,D,1
0.914,-0.00013075,-1.6980519480519483,A1-6-D,6,D,1
0.927,-0.00019968,-2.5932467532467536,A1-6-D,6,D,1
0.94,-0.00028471,-3.6975324675324672,A1-6-D,6,D,1
0.953,-0.00037006,-4.8059740259740265,A1-6-D,6,D,1
0.966,-0.00044179,-5.737532467532468,A1-6-D,6,D,1
0.979,-0.00051061,-6.631298701298701,A1-6-D,6,D,1
0.992,-0.00056199,-7.298571428571428,A1-6-D,6,D,1
1.005,-0.00062806,-8.156623376623376,A1-6-D,6,D,1
1.018,-0.00071037,-9.225584415584416,A1-6-D,6,D,1
1.031,-0.00079338,-10.303636363636365,A1-6-D,6,D,1
1.044,-0.00086815,-11.274675324675327,A1-6-D,6,D,1
1.057,-0.00093996,-12.207272727272729,A1-6-D,6,D,1
1.07,-0.00102907,-13.364545454545455,A1-6-D,6,D,1
1.083,-0.00109203,-14.182207792207791,A1-6-D,6,D,1
1.096,-0.00118103,-15.338051948051948,A1-6-D,6,D,1
1.109,-0.00126905,-16.481168831168834,A1-6-D,6,D,1
1.122,-0.00135724,-17.626493506493507,A1-6-D,6,D,1
1.135,-0.00145854,-18.94207792207792,A1-6-D,6,D,1
1.148,-0.0015531,-20.17012987012987,A1-6-D,6,D,1
1.161,-0.00164159,-21.31935064935065,A1-6-D,6,D,1
1.174,-0.0017352,-22.535064935064934,A1-6-D,6,D,1
1.187,-0.00184855,-24.00714285714286,A1-6-D,6,D,1
1.2,-0.00195308,-25.364675324675325,A1-6-D,6,D,1
-0.1,0.00178593,23.193896103896105,A1-6-E,6,E,1
-0.087,0.00178564,23.190129870129873,A1-6-E,6,E,1
-0.074,0.00178543,23.187402597402595,A1-6-E,6,E,1
-0.061,0.00178505,23.182467532467534,A1-6-E,6,E,1
-0.048,0.00178503,23.18220779220779,A1-6-E,6,E,1
-0.035,0.00178393,23.16792207792208,A1-6-E,6,E,1
-0.022,0.00178403,23.16922077922078,A1-6-E,6,E,1
-0.009,0.00178397,23.168441558441558,A1-6-E,6,E,1
0.004,0.00178353,23.162727272727274,A1-6-E,6,E,1
0.017,0.00178278,23.152987012987015,A1-6-E,6,E,1
0.03,0.00178236,23.147532467532464,A1-6-E,6,E,1
0.043,0.00178166,23.13844155844156,A1-6-E,6,E,1
0.056,0.00178143,23.135454545454547,A1-6-E,6,E,1
0.069,0.00178075,23.126623376623378,A1-6-E,6,E,1
0.082,0.00177968,23.112727272727273,A1-6-E,6,E,1
0.095,0.00177945,23.109740259740256,A1-6-E,6,E,1
0.108,0.00177859,23.09857142857143,A1-6-E,6,E,1
0.121,0.00177867,23.09961038961039,A1-6-E,6,E,1
0.134,0.00177764,23.086233766233768,A1-6-E,6,E,1
0.147,0.00177614,23.066753246753247,A1-6-E,6,E,1
0.16,0.00177583,23.062727272727273,A1-6-E,6,E,1
0.173,0.00177506,23.052727272727275,A1-6-E,6,E,1
0.186,0.00177385,23.03701298701299,A1-6-E,6,E,1
0.199,0.00177325,23.029220779220783,A1-6-E,6,E,1
0.212,0.00177212,23.014545454545456,A1-6-E,6,E,1
0.225,0.00177047,22.993116883116883,A1-6-E,6,E,1
0.238,0.00176949,22.98038961038961,A1-6-E,6,E,1
0.251,0.0017682,22.963636363636365,A1-6-E,6,E,1
0.264,0.00176676,22.944935064935066,A1-6-E,6,E,1
0.277,0.00176545,22.92792207792208,A1-6-E,6,E,1
0.29,0.00176357,22.903506493506494,A1-6-E,6,E,1
0.303,0.00176219,22.885584415584418,A1-6-E,6,E,1
0.316,0.00175999,22.857012987012986,A1-6-E,6,E,1
0.329,0.00175772,22.827532467532468,A1-6-E,6,E,1
0.342,0.00175607,22.8061038961039,A1-6-E,6,E,1
0.355,0.00175401,22.77935064935065,A1-6-E,6,E,1
0.368,0.00175185,22.751298701298698,A1-6-E,6,E,1
0.381,0.00174861,22.70922077922078,A1-6-E,6,E,1
0.394,0.00174573,22.671818181818182,A1-6-E,6,E,1
0.407,0.00174344,22.64207792207792,A1-6-E,6,E,1
0.42,0.00173965,22.592857142857145,A1-6-E,6,E,1
0.433,0.00173643,22.55103896103896,A1-6-E,6,E,1
0.446,0.00173312,22.50805194805195,A1-6-E,6,E,1
0.459,0.00172818,22.443896103896105,A1-6-E,6,E,1
0.472,0.00172471,22.39883116883117,A1-6-E,6,E,1
0.485,0.00172002,22.337922077922077,A1-6-E,6,E,1
0.498,0.00171498,22.272467532467534,A1-6-E,6,E,1
0.511,0.00170986,22.205974025974026,A1-6-E,6,E,1
0.524,0.00170391,22.1287012987013,A1-6-E,6,E,1
0.537,0.00169763,22.04714285714286,A1-6-E,6,E,1
0.55,0.00169155,21.96818181818182,A1-6-E,6,E,1
0.563,0.00168411,21.87155844155844,A1-6-E,6,E,1
0.576,0.00167646,21.772207792207794,A1-6-E,6,E,1
0.589,0.0016683,21.666233766233766,A1-6-E,6,E,1
0.602,0.00165872,21.541818181818183,A1-6-E,6,E,1
0.615,0.00164918,21.417922077922082,A1-6-E,6,E,1
0.628,0.00163897,21.285324675324677,A1-6-E,6,E,1
0.641,0.0016284,21.148051948051947,A1-6-E,6,E,1
0.654,0.00161571,20.983246753246753,A1-6-E,6,E,1
0.667,0.00160304,20.8187012987013,A1-6-E,6,E,1
0.68,0.00158951,20.642987012987014,A1-6-E,6,E,1
0.693,0.00157484,20.452467532467534,A1-6-E,6,E,1
0.706,0.00155903,20.247142857142858,A1-6-E,6,E,1
0.719,0.00154177,20.022987012987013,A1-6-E,6,E,1
0.732,0.00152312,19.78077922077922,A1-6-E,6,E,1
0.745,0.00150335,19.524025974025975,A1-6-E,6,E,1
0.758,0.00148171,19.242987012987015,A1-6-E,6,E,1
0.771,0.00145866,18.943636363636365,A1-6-E,6,E,1
0.784,0.00143383,18.62116883116883,A1-6-E,6,E,1
0.797,0.00140668,18.26857142857143,A1-6-E,6,E,1
0.81,0.00137682,17.88077922077922,A1-6-E,6,E,1
0.823,0.00134525,17.470779220779225,A1-6-E,6,E,1
0.836,0.00131065,17.021428571428572,A1-6-E,6,E,1
0.849,0.00127402,16.545714285714286,A1-6-E,6,E,1
0.862,0.00123465,16.03441558441558,A1-6-E,6,E,1
0.875,0.00119205,15.481168831168832,A1-6-E,6,E,1
0.888,0.00114665,14.89155844155844,A1-6-E,6,E,1
0.901,0.00109832,14.263896103896105,A1-6-E,6,E,1
0.914,0.00104746,13.603376623376626,A1-6-E,6,E,1
0.927,0.00101566,13.19038961038961,A1-6-E,6,E,1
0.94,0.00095619,12.418051948051948,A1-6-E,6,E,1
0.953,0.00089339,11.602467532467532,A1-6-E,6,E,1
0.966,0.00082828,10.756883116883118,A1-6-E,6,E,1
0.979,0.00076035,9.874675324675325,A1-6-E,6,E,1
0.992,0.00069044,8.966753246753246,A1-6-E,6,E,1
1.005,0.00061737,8.017792207792208,A1-6-E,6,E,1
1.018,0.00054163,7.034155844155843,A1-6-E,6,E,1
1.031,0.00046356,6.020259740259741,A1-6-E,6,E,1
1.044,0.00038283,4.971818181818183,A1-6-E,6,E,1
1.057,0.00029945,3.888961038961039,A1-6-E,6,E,1
1.07,0.00021352,2.7729870129870133,A1-6-E,6,E,1
1.083,0.0001252,1.625974025974026,A1-6-E,6,E,1
1.096,4.698e-05,0.6101298701298701,A1-6-E,6,E,1
1.109,-4.771e-05,-0.6196103896103897,A1-6-E,6,E,1
1.122,-0.00012466,-1.6189610389610387,A1-6-E,6,E,1
1.135,-0.0002262,-2.9376623376623376,A1-6-E,6,E,1
1.148,-0.00032958,-4.280259740259741,A1-6-E,6,E,1
1.161,-0.00043495,-5.648701298701299,A1-6-E,6,E,1
1.174,-0.00054183,-7.036753246753247,A1-6-E,6,E,1
1.187,-0.0006507,-8.450649350649352,A1-6-E,6,E,1
1.2,-0.00076123,-9.886103896103895,A1-6-E,6,E,1
