Labels,AD4,
Type,Time Scan,
Comment,,
Start,0.00,
Stop,1998.046900,
Step,1.9531250,
Fixed/Offset, ,
XAxis,Time(ns),
YAxis,Counts (a.u.),

0.00,0.00000000E+0,
1.9531250,0.00000000E+0,
3.906250,0.00000000E+0,
5.8593750,0.00000000E+0,
7.81250,0.00000000E+0,
9.7656250,0.00000000E+0,
11.718750,0.00000000E+0,
13.671875,0.00000000E+0,
15.6250,0.00000000E+0,
17.578125,0.00000000E+0,
19.531250,0.00000000E+0,
21.484375,0.00000000E+0,
23.43750,0.00000000E+0,
25.390625,0.00000000E+0,
27.343750,0.00000000E+0,
29.296875,0.00000000E+0,
31.250,0.00000000E+0,
33.203125,0.00000000E+0,
35.156250,0.00000000E+0,
37.109375,0.00000000E+0,
39.06250,0.00000000E+0,
41.015625,1.44000000E+2,
42.968750,2.02000000E+2,
44.921875,1.74000000E+2,
46.8750,1.56000000E+2,
48.828125,1.62000000E+2,
50.781250,1.77000000E+2,
52.734375,1.91000000E+2,
54.68750,1.66000000E+2,
56.640625,1.82000000E+2,
58.593750,1.85000000E+2,
60.546875,1.85000000E+2,
62.50,1.83000000E+2,
64.453125,1.93000000E+2,
66.406250,1.59000000E+2,
68.359375,1.76000000E+2,
70.31250,1.47000000E+2,
72.265625,1.91000000E+2,
74.218750,3.09000000E+2,
76.171875,2.98000000E+2,
78.1250,2.98000000E+2,
80.078125,3.13000000E+2,
82.031250,3.08000000E+2,
83.984375,2.87000000E+2,
85.93750,2.95000000E+2,
87.890625,3.05000000E+2,
89.843750,2.72000000E+2,
91.796875,3.19000000E+2,
93.750,2.75000000E+2,
95.703125,2.83000000E+2,
97.656250,2.89000000E+2,
99.609375,2.77000000E+2,
101.562500,3.03000000E+2,
103.515630,2.79000000E+2,
105.468750,2.81000000E+2,
107.421880,2.96000000E+2,
109.37500,2.85000000E+2,
111.328130,2.88000000E+2,
113.281250,2.92000000E+2,
115.234380,2.79000000E+2,
117.187500,2.85000000E+2,
119.140630,3.00000000E+2,
121.093750,2.66000000E+2,
123.046880,2.82000000E+2,
125.00,2.84000000E+2,
126.953130,2.88000000E+2,
128.906250,3.02000000E+2,
130.859380,2.88000000E+2,
132.812500,2.70000000E+2,
134.765630,2.65000000E+2,
136.718750,2.65000000E+2,
138.671880,2.73000000E+2,
140.62500,2.77000000E+2,
142.578130,2.84000000E+2,
144.531250,2.67000000E+2,
146.484380,2.61000000E+2,
148.437500,2.83000000E+2,
150.390630,2.68000000E+2,
152.343750,2.76000000E+2,
154.296880,2.74000000E+2,
156.2500,3.03000000E+2,
158.203130,2.51000000E+2,
160.156250,2.99000000E+2,
162.109380,2.68000000E+2,
164.062500,2.87000000E+2,
166.015630,2.66000000E+2,
167.968750,2.69000000E+2,
169.921880,3.10000000E+2,
171.87500,2.79000000E+2,
173.828130,2.81000000E+2,
175.781250,2.78000000E+2,
177.734380,2.75000000E+2,
179.687500,2.91000000E+2,
181.640630,2.65000000E+2,
183.593750,2.72000000E+2,
185.546880,2.80000000E+2,
187.500,2.55000000E+2,
189.453130,2.82000000E+2,
191.406250,2.89000000E+2,
193.359380,2.92000000E+2,
195.312500,2.66000000E+2,
197.265630,2.68000000E+2,
199.218750,2.64000000E+2,
201.171880,2.79000000E+2,
203.12500,2.77000000E+2,
205.078130,2.86000000E+2,
207.031250,2.74000000E+2,
208.984380,2.95000000E+2,
210.937500,2.89000000E+2,
212.890630,2.86000000E+2,
214.843750,2.85000000E+2,
216.796880,2.52000000E+2,
218.7500,2.82000000E+2,
220.703130,2.80000000E+2,
222.656250,2.62000000E+2,
224.609380,2.85000000E+2,
226.562500,2.98000000E+2,
228.515630,2.81000000E+2,
230.468750,3.05000000E+2,
232.421880,2.59000000E+2,
234.37500,2.51000000E+2,
236.328130,2.82000000E+2,
238.281250,3.04000000E+2,
240.234380,2.82000000E+2,
242.187500,2.74000000E+2,
244.140630,2.88000000E+2,
246.093750,2.83000000E+2,
248.046880,2.84000000E+2,
250.00,2.72000000E+2,
251.953130,2.65000000E+2,
253.906250,2.70000000E+2,
255.859380,2.50000000E+2,
257.812500,2.63000000E+2,
259.765630,2.68000000E+2,
261.718750,2.63000000E+2,
263.671880,2.56000000E+2,
265.62500,2.48000000E+2,
267.578130,2.82000000E+2,
269.531250,2.90000000E+2,
271.484380,3.01000000E+2,
273.437500,2.73000000E+2,
275.390630,2.50000000E+2,
277.343750,2.67000000E+2,
279.296880,2.65000000E+2,
281.2500,2.49000000E+2,
283.203130,2.89000000E+2,
285.156250,2.68000000E+2,
287.109380,2.60000000E+2,
289.062500,2.32000000E+2,
291.015630,2.75000000E+2,
292.968750,2.56000000E+2,
294.921880,2.77000000E+2,
296.87500,2.66000000E+2,
298.828130,2.61000000E+2,
300.781250,2.85000000E+2,
302.734380,2.72000000E+2,
304.687500,2.80000000E+2,
306.640630,2.67000000E+2,
308.593750,2.96000000E+2,
310.546880,2.70000000E+2,
312.500,2.53000000E+2,
314.453130,2.83000000E+2,
316.406250,2.58000000E+2,
318.359380,2.63000000E+2,
320.312500,2.43000000E+2,
322.265630,2.43000000E+2,
324.218750,2.69000000E+2,
326.171880,2.76000000E+2,
328.12500,2.64000000E+2,
330.078130,2.78000000E+2,
332.031250,2.79000000E+2,
333.984380,2.66000000E+2,
335.937500,2.96000000E+2,
337.890630,2.67000000E+2,
339.843750,2.91000000E+2,
341.796880,2.66000000E+2,
343.7500,2.52000000E+2,
345.703130,2.60000000E+2,
347.656250,2.78000000E+2,
349.609380,2.95000000E+2,
351.562500,2.51000000E+2,
353.515630,2.32000000E+2,
355.468750,2.72000000E+2,
357.421880,2.76000000E+2,
359.37500,2.60000000E+2,
361.328130,2.77000000E+2,
363.281250,2.41000000E+2,
365.234380,2.54000000E+2,
367.187500,2.54000000E+2,
369.140630,2.67000000E+2,
371.093750,2.69000000E+2,
373.046880,2.77000000E+2,
375.00,2.78000000E+2,
376.953130,2.75000000E+2,
378.906250,2.56000000E+2,
380.859380,2.49000000E+2,
382.812500,2.60000000E+2,
384.765630,2.57000000E+2,
386.718750,2.33000000E+2,
388.671880,2.47000000E+2,
390.62500,2.80000000E+2,
392.578130,2.78000000E+2,
394.531250,2.26000000E+2,
396.484380,2.79000000E+2,
398.437500,2.62000000E+2,
400.390630,2.62000000E+2,
402.343750,2.55000000E+2,
404.296880,2.73000000E+2,
406.2500,2.73000000E+2,
408.203130,2.43000000E+2,
410.156250,2.46000000E+2,
412.109380,2.48000000E+2,
414.062500,2.52000000E+2,
416.015630,2.37000000E+2,
417.968750,2.80000000E+2,
419.921880,2.53000000E+2,
421.87500,2.26000000E+2,
423.828130,2.67000000E+2,
425.781250,2.39000000E+2,
427.734380,2.50000000E+2,
429.687500,2.35000000E+2,
431.640630,2.35000000E+2,
433.593750,2.56000000E+2,
435.546880,2.62000000E+2,
437.500,2.61000000E+2,
439.453130,2.69000000E+2,
441.406250,2.55000000E+2,
443.359380,2.47000000E+2,
445.312500,2.69000000E+2,
447.265630,2.62000000E+2,
449.218750,2.64000000E+2,
451.171880,2.69000000E+2,
453.12500,2.97000000E+2,
455.078130,2.59000000E+2,
457.031250,2.30000000E+2,
458.984380,2.68000000E+2,
460.937500,2.75000000E+2,
462.890630,2.58000000E+2,
464.843750,2.55000000E+2,
466.796880,2.36000000E+2,
468.7500,2.46000000E+2,
470.703130,2.59000000E+2,
472.656250,2.57000000E+2,
474.609380,2.29000000E+2,
476.562500,2.39000000E+2,
478.515630,2.42000000E+2,
480.468750,2.53000000E+2,
482.421880,2.22000000E+2,
484.37500,2.52000000E+2,
486.328130,2.43000000E+2,
488.281250,2.53000000E+2,
490.234380,2.63000000E+2,
492.187500,2.30000000E+2,
494.140630,2.26000000E+2,
496.093750,2.67000000E+2,
498.046880,3.10000000E+2,
500.00,2.54000000E+2,
501.953130,2.43000000E+2,
503.906250,2.36000000E+2,
505.859380,2.56000000E+2,
507.812500,2.51000000E+2,
509.765630,2.53000000E+2,
511.718750,2.58000000E+2,
513.671880,2.55000000E+2,
515.62500,2.44000000E+2,
517.578130,2.55000000E+2,
519.531250,2.78000000E+2,
521.484380,2.39000000E+2,
523.437500,2.58000000E+2,
525.390630,2.55000000E+2,
527.343750,2.51000000E+2,
529.296880,2.26000000E+2,
531.2500,2.67000000E+2,
533.203130,2.58000000E+2,
535.156250,2.58000000E+2,
537.109380,2.55000000E+2,
539.062500,2.56000000E+2,
541.015630,2.43000000E+2,
542.968750,2.58000000E+2,
544.921880,2.55000000E+2,
546.87500,2.46000000E+2,
548.828130,2.60000000E+2,
550.781250,2.42000000E+2,
552.734380,2.50000000E+2,
554.687500,2.34000000E+2,
556.640630,2.40000000E+2,
558.593750,2.62000000E+2,
560.546880,2.57000000E+2,
562.500,2.52000000E+2,
564.453130,2.78000000E+2,
566.406250,2.46000000E+2,
568.359380,2.30000000E+2,
570.312500,2.30000000E+2,
572.265630,2.64000000E+2,
574.218750,2.58000000E+2,
576.171880,2.35000000E+2,
578.12500,2.42000000E+2,
580.078130,2.61000000E+2,
582.031250,2.40000000E+2,
583.984380,2.42000000E+2,
585.937500,2.49000000E+2,
587.890630,2.43000000E+2,
589.843750,2.75000000E+2,
591.796880,2.38000000E+2,
593.7500,2.43000000E+2,
595.703130,2.52000000E+2,
597.656250,2.45000000E+2,
599.609380,2.52000000E+2,
601.562500,2.50000000E+2,
603.515630,2.59000000E+2,
605.468750,2.64000000E+2,
607.421880,2.29000000E+2,
609.37500,2.38000000E+2,
611.328130,2.28000000E+2,
613.281250,2.42000000E+2,
615.234380,2.67000000E+2,
617.187500,2.52000000E+2,
619.140630,2.43000000E+2,
621.093750,2.47000000E+2,
623.046880,2.54000000E+2,
625.00,2.40000000E+2,
626.953130,2.68000000E+2,
628.906250,2.22000000E+2,
630.859380,2.59000000E+2,
632.812500,2.37000000E+2,
634.765630,2.52000000E+2,
636.718750,2.37000000E+2,
638.671880,2.19000000E+2,
640.62500,2.19000000E+2,
642.578130,2.40000000E+2,
644.531250,2.16000000E+2,
646.484380,2.38000000E+2,
648.437500,2.50000000E+2,
650.390630,2.51000000E+2,
652.343750,2.53000000E+2,
654.296880,2.30000000E+2,
656.2500,2.12000000E+2,
658.203130,2.25000000E+2,
660.156250,2.25000000E+2,
662.109380,2.46000000E+2,
664.062500,2.31000000E+2,
666.015630,2.39000000E+2,
667.968750,2.60000000E+2,
669.921880,2.38000000E+2,
671.87500,2.13000000E+2,
673.828130,2.25000000E+2,
675.781250,2.53000000E+2,
677.734380,2.53000000E+2,
679.687500,2.32000000E+2,
681.640630,2.16000000E+2,
683.593750,2.26000000E+2,
685.546880,2.62000000E+2,
687.500,2.61000000E+2,
689.453130,2.45000000E+2,
691.406250,2.43000000E+2,
693.359380,2.45000000E+2,
695.312500,2.25000000E+2,
697.265630,2.57000000E+2,
699.218750,2.24000000E+2,
701.171880,2.50000000E+2,
703.12500,2.37000000E+2,
705.078130,2.07000000E+2,
707.031250,2.30000000E+2,
708.984380,2.34000000E+2,
710.937500,2.40000000E+2,
712.890630,2.29000000E+2,
714.843750,2.33000000E+2,
716.796880,2.41000000E+2,
718.7500,2.63000000E+2,
720.703130,2.53000000E+2,
722.656250,2.42000000E+2,
724.609380,2.18000000E+2,
726.562500,2.58000000E+2,
728.515630,2.18000000E+2,
730.468750,2.33000000E+2,
732.421880,2.64000000E+2,
734.37500,2.47000000E+2,
736.328130,2.40000000E+2,
738.281250,2.25000000E+2,
740.234380,2.22000000E+2,
742.187500,2.01000000E+2,
744.140630,2.38000000E+2,
746.093750,2.15000000E+2,
748.046880,2.30000000E+2,
750.00,2.03000000E+2,
751.953130,2.56000000E+2,
753.906250,2.25000000E+2,
755.859380,2.23000000E+2,
757.812500,2.58000000E+2,
759.765630,2.53000000E+2,
761.718750,2.16000000E+2,
763.671880,2.25000000E+2,
765.62500,2.22000000E+2,
767.578130,2.15000000E+2,
769.531250,2.47000000E+2,
771.484380,2.12000000E+2,
773.437500,2.23000000E+2,
775.390630,2.64000000E+2,
777.343750,2.21000000E+2,
779.296880,2.19000000E+2,
781.2500,2.29000000E+2,
783.203130,2.28000000E+2,
785.156250,2.09000000E+2,
787.109380,2.45000000E+2,
789.062500,2.25000000E+2,
791.015630,2.17000000E+2,
792.968750,1.97000000E+2,
794.921880,2.23000000E+2,
796.87500,2.24000000E+2,
798.828130,2.23000000E+2,
800.781250,2.28000000E+2,
802.734380,2.37000000E+2,
804.687500,2.12000000E+2,
806.640630,1.88000000E+2,
808.593750,2.36000000E+2,
810.546880,2.43000000E+2,
812.500,1.99000000E+2,
814.453130,2.09000000E+2,
816.406250,2.31000000E+2,
818.359380,1.96000000E+2,
820.312500,2.13000000E+2,
822.265630,2.44000000E+2,
824.218750,2.13000000E+2,
826.171880,2.20000000E+2,
828.12500,2.28000000E+2,
830.078130,2.21000000E+2,
832.031250,2.27000000E+2,
833.984380,2.15000000E+2,
835.937500,2.22000000E+2,
837.890630,2.38000000E+2,
839.843750,2.18000000E+2,
841.796880,2.17000000E+2,
843.7500,2.19000000E+2,
845.703130,2.11000000E+2,
847.656250,2.14000000E+2,
849.609380,2.37000000E+2,
851.562500,2.06000000E+2,
853.515630,2.20000000E+2,
855.468750,2.20000000E+2,
857.421880,2.37000000E+2,
859.37500,2.41000000E+2,
861.328130,2.01000000E+2,
863.281250,1.87000000E+2,
865.234380,2.16000000E+2,
867.187500,2.11000000E+2,
869.140630,2.38000000E+2,
871.093750,2.28000000E+2,
873.046880,2.31000000E+2,
875.00,2.25000000E+2,
876.953130,1.92000000E+2,
878.906250,2.10000000E+2,
880.859380,1.80000000E+2,
882.812500,2.02000000E+2,
884.765630,2.22000000E+2,
886.718750,2.23000000E+2,
888.671880,2.19000000E+2,
890.62500,2.59000000E+2,
892.578130,2.27000000E+2,
894.531250,2.25000000E+2,
896.484380,2.00000000E+2,
898.437500,2.09000000E+2,
900.390630,2.27000000E+2,
902.343750,2.29000000E+2,
904.296880,2.03000000E+2,
906.2500,1.92000000E+2,
908.203130,2.05000000E+2,
910.156250,2.51000000E+2,
912.109380,2.18000000E+2,
914.062500,2.26000000E+2,
916.015630,2.21000000E+2,
917.968750,2.21000000E+2,
919.921880,2.37000000E+2,
921.87500,2.35000000E+2,
923.828130,2.37000000E+2,
925.781250,2.18000000E+2,
927.734380,2.40000000E+2,
929.687500,2.33000000E+2,
931.640630,1.97000000E+2,
933.593750,2.01000000E+2,
935.546880,2.60000000E+2,
937.500,2.30000000E+2,
939.453130,2.53000000E+2,
941.406250,2.29000000E+2,
943.359380,2.22000000E+2,
945.312500,2.21000000E+2,
947.265630,2.13000000E+2,
949.218750,2.33000000E+2,
951.171880,2.20000000E+2,
953.12500,2.36000000E+2,
955.078130,2.18000000E+2,
957.031250,2.17000000E+2,
958.984380,2.24000000E+2,
960.937500,2.12000000E+2,
962.890630,2.23000000E+2,
964.843750,2.07000000E+2,
966.796880,2.09000000E+2,
968.7500,2.44000000E+2,
970.703130,2.11000000E+2,
972.656250,1.87000000E+2,
974.609380,2.36000000E+2,
976.562500,2.08000000E+2,
978.515630,2.19000000E+2,
980.468750,2.33000000E+2,
982.421880,2.19000000E+2,
984.37500,2.02000000E+2,
986.328130,2.17000000E+2,
988.281250,1.84000000E+2,
990.234380,2.34000000E+2,
992.187500,2.07000000E+2,
994.140630,2.13000000E+2,
996.093750,2.09000000E+2,
998.046880,2.45000000E+2,
1000.00,2.25000000E+2,
1001.953100,2.04000000E+2,
1003.906300,2.00000000E+2,
1005.859400,2.04000000E+2,
1007.812500,2.06000000E+2,
1009.765600,2.35000000E+2,
1011.718800,2.04000000E+2,
1013.671900,2.19000000E+2,
1015.625000,2.28000000E+2,
1017.578100,2.21000000E+2,
1019.531300,1.99000000E+2,
1021.484400,2.40000000E+2,
1023.437500,2.07000000E+2,
1025.390600,2.10000000E+2,
1027.343800,2.23000000E+2,
1029.296900,2.21000000E+2,
1031.25000,1.86000000E+2,
1033.203100,2.39000000E+2,
1035.156300,2.18000000E+2,
1037.109400,2.23000000E+2,
1039.062500,2.21000000E+2,
1041.015600,2.27000000E+2,
1042.968800,2.09000000E+2,
1044.921900,1.99000000E+2,
1046.875000,2.08000000E+2,
1048.828100,2.07000000E+2,
1050.781300,2.53000000E+2,
1052.734400,2.20000000E+2,
1054.687500,2.05000000E+2,
1056.640600,2.17000000E+2,
1058.593800,2.18000000E+2,
1060.546900,1.96000000E+2,
1062.5000,2.17000000E+2,
1064.453100,1.92000000E+2,
1066.406300,2.25000000E+2,
1068.359400,2.28000000E+2,
1070.312500,1.95000000E+2,
1072.265600,2.02000000E+2,
1074.218800,2.07000000E+2,
1076.171900,2.06000000E+2,
1078.125000,2.13000000E+2,
1080.078100,2.08000000E+2,
1082.031300,2.21000000E+2,
1083.984400,1.88000000E+2,
1085.937500,2.37000000E+2,
1087.890600,2.24000000E+2,
1089.843800,2.06000000E+2,
1091.796900,1.94000000E+2,
1093.75000,1.96000000E+2,
1095.703100,2.05000000E+2,
1097.656300,2.10000000E+2,
1099.609400,2.17000000E+2,
1101.562500,2.05000000E+2,
1103.515600,1.88000000E+2,
1105.468800,2.06000000E+2,
1107.421900,2.05000000E+2,
1109.375000,1.98000000E+2,
1111.328100,2.19000000E+2,
1113.281300,2.12000000E+2,
1115.234400,1.97000000E+2,
1117.187500,1.92000000E+2,
1119.140600,2.39000000E+2,
1121.093800,2.16000000E+2,
1123.046900,1.95000000E+2,
1125.000,1.84000000E+2,
1126.953100,2.04000000E+2,
1128.906300,1.83000000E+2,
1130.859400,2.14000000E+2,
1132.812500,2.12000000E+2,
1134.765600,2.36000000E+2,
1136.718800,2.07000000E+2,
1138.671900,2.08000000E+2,
1140.625000,1.86000000E+2,
1142.578100,2.07000000E+2,
1144.531300,1.99000000E+2,
1146.484400,1.89000000E+2,
1148.437500,1.67000000E+2,
1150.390600,2.07000000E+2,
1152.343800,2.07000000E+2,
1154.296900,1.94000000E+2,
1156.25000,1.97000000E+2,
1158.203100,2.27000000E+2,
1160.156300,2.34000000E+2,
1162.109400,2.30000000E+2,
1164.062500,2.17000000E+2,
1166.015600,1.87000000E+2,
1167.968800,1.82000000E+2,
1169.921900,2.10000000E+2,
1171.875000,1.92000000E+2,
1173.828100,1.86000000E+2,
1175.781300,2.05000000E+2,
1177.734400,2.18000000E+2,
1179.687500,2.01000000E+2,
1181.640600,2.06000000E+2,
1183.593800,1.99000000E+2,
1185.546900,1.86000000E+2,
1187.5000,1.89000000E+2,
1189.453100,2.12000000E+2,
1191.406300,2.13000000E+2,
1193.359400,1.84000000E+2,
1195.312500,2.04000000E+2,
1197.265600,2.29000000E+2,
1199.218800,1.89000000E+2,
1201.171900,1.95000000E+2,
1203.125000,1.58000000E+2,
1205.078100,1.95000000E+2,
1207.031300,2.13000000E+2,
1208.984400,2.00000000E+2,
1210.937500,1.94000000E+2,
1212.890600,1.87000000E+2,
1214.843800,1.86000000E+2,
1216.796900,2.01000000E+2,
1218.75000,2.04000000E+2,
1220.703100,2.28000000E+2,
1222.656300,1.83000000E+2,
1224.609400,1.95000000E+2,
1226.562500,1.77000000E+2,
1228.515600,1.84000000E+2,
1230.468800,2.08000000E+2,
1232.421900,2.11000000E+2,
1234.375000,1.92000000E+2,
1236.328100,1.96000000E+2,
1238.281300,2.09000000E+2,
1240.234400,2.02000000E+2,
1242.187500,2.08000000E+2,
1244.140600,2.30000000E+2,
1246.093800,2.16000000E+2,
1248.046900,1.88000000E+2,
1250.00,2.07000000E+2,
1251.953100,1.91000000E+2,
1253.906300,2.11000000E+2,
1255.859400,1.90000000E+2,
1257.812500,2.23000000E+2,
1259.765600,1.91000000E+2,
1261.718800,2.04000000E+2,
1263.671900,1.74000000E+2,
1265.625000,1.73000000E+2,
1267.578100,1.99000000E+2,
1269.531300,1.98000000E+2,
1271.484400,1.80000000E+2,
1273.437500,2.02000000E+2,
1275.390600,1.98000000E+2,
1277.343800,1.96000000E+2,
1279.296900,1.83000000E+2,
1281.25000,1.92000000E+2,
1283.203100,1.98000000E+2,
1285.156300,1.97000000E+2,
1287.109400,1.97000000E+2,
1289.062500,2.02000000E+2,
1291.015600,1.97000000E+2,
1292.968800,1.97000000E+2,
1294.921900,1.76000000E+2,
1296.875000,2.10000000E+2,
1298.828100,2.15000000E+2,
1300.781300,1.82000000E+2,
1302.734400,1.76000000E+2,
1304.687500,1.78000000E+2,
1306.640600,2.11000000E+2,
1308.593800,1.93000000E+2,
1310.546900,1.81000000E+2,
1312.5000,2.07000000E+2,
1314.453100,2.04000000E+2,
1316.406300,2.14000000E+2,
1318.359400,1.77000000E+2,
1320.312500,1.97000000E+2,
1322.265600,1.83000000E+2,
1324.218800,2.18000000E+2,
1326.171900,1.90000000E+2,
1328.125000,1.84000000E+2,
1330.078100,2.12000000E+2,
1332.031300,1.87000000E+2,
1333.984400,2.06000000E+2,
1335.937500,1.83000000E+2,
1337.890600,1.95000000E+2,
1339.843800,1.81000000E+2,
1341.796900,2.01000000E+2,
1343.75000,1.88000000E+2,
1345.703100,1.70000000E+2,
1347.656300,1.89000000E+2,
1349.609400,2.01000000E+2,
1351.562500,1.94000000E+2,
1353.515600,2.24000000E+2,
1355.468800,2.00000000E+2,
1357.421900,2.07000000E+2,
1359.375000,1.77000000E+2,
1361.328100,1.92000000E+2,
1363.281300,1.84000000E+2,
1365.234400,1.91000000E+2,
1367.187500,1.73000000E+2,
1369.140600,2.02000000E+2,
1371.093800,1.83000000E+2,
1373.046900,2.08000000E+2,
1375.000,1.85000000E+2,
1376.953100,1.98000000E+2,
1378.906300,2.01000000E+2,
1380.859400,1.80000000E+2,
1382.812500,1.74000000E+2,
1384.765600,1.82000000E+2,
1386.718800,2.00000000E+2,
1388.671900,1.97000000E+2,
1390.625000,1.97000000E+2,
1392.578100,1.96000000E+2,
1394.531300,1.88000000E+2,
1396.484400,1.93000000E+2,
1398.437500,1.99000000E+2,
1400.390600,1.84000000E+2,
1402.343800,1.75000000E+2,
1404.296900,1.84000000E+2,
1406.25000,2.06000000E+2,
1408.203100,1.77000000E+2,
1410.156300,2.00000000E+2,
1412.109400,1.85000000E+2,
1414.062500,1.86000000E+2,
1416.015600,1.80000000E+2,
1417.968800,1.61000000E+2,
1419.921900,1.61000000E+2,
1421.875000,1.79000000E+2,
1423.828100,1.90000000E+2,
1425.781300,1.88000000E+2,
1427.734400,1.94000000E+2,
1429.687500,1.81000000E+2,
1431.640600,1.94000000E+2,
1433.593800,1.81000000E+2,
1435.546900,1.82000000E+2,
1437.5000,1.90000000E+2,
1439.453100,1.88000000E+2,
1441.406300,1.84000000E+2,
1443.359400,2.07000000E+2,
1445.312500,1.72000000E+2,
1447.265600,1.97000000E+2,
1449.218800,2.02000000E+2,
1451.171900,2.03000000E+2,
1453.125000,1.87000000E+2,
1455.078100,1.81000000E+2,
1457.031300,1.80000000E+2,
1458.984400,2.14000000E+2,
1460.937500,1.99000000E+2,
1462.890600,2.30000000E+2,
1464.843800,1.84000000E+2,
1466.796900,1.73000000E+2,
1468.75000,1.68000000E+2,
1470.703100,2.01000000E+2,
1472.656300,1.86000000E+2,
1474.609400,1.99000000E+2,
1476.562500,1.74000000E+2,
1478.515600,1.91000000E+2,
1480.468800,1.68000000E+2,
1482.421900,1.86000000E+2,
1484.375000,1.96000000E+2,
1486.328100,1.98000000E+2,
1488.281300,1.96000000E+2,
1490.234400,1.64000000E+2,
1492.187500,1.91000000E+2,
1494.140600,1.88000000E+2,
1496.093800,1.90000000E+2,
1498.046900,1.75000000E+2,
1500.00,2.04000000E+2,
1501.953100,2.09000000E+2,
1503.906300,1.90000000E+2,
1505.859400,1.72000000E+2,
1507.812500,1.79000000E+2,
1509.765600,1.86000000E+2,
1511.718800,1.84000000E+2,
1513.671900,1.97000000E+2,
1515.625000,1.95000000E+2,
1517.578100,1.94000000E+2,
1519.531300,1.61000000E+2,
1521.484400,1.87000000E+2,
1523.437500,1.80000000E+2,
1525.390600,1.98000000E+2,
1527.343800,1.88000000E+2,
1529.296900,1.70000000E+2,
1531.25000,1.71000000E+2,
1533.203100,1.67000000E+2,
1535.156300,1.84000000E+2,
1537.109400,1.95000000E+2,
1539.062500,1.84000000E+2,
1541.015600,1.91000000E+2,
1542.968800,1.90000000E+2,
1544.921900,1.70000000E+2,
1546.875000,2.02000000E+2,
1548.828100,2.08000000E+2,
1550.781300,1.94000000E+2,
1552.734400,1.71000000E+2,
1554.687500,1.84000000E+2,
1556.640600,1.93000000E+2,
1558.593800,1.97000000E+2,
1560.546900,1.85000000E+2,
1562.5000,1.91000000E+2,
1564.453100,1.56000000E+2,
1566.406300,1.88000000E+2,
1568.359400,2.04000000E+2,
1570.312500,1.67000000E+2,
1572.265600,1.78000000E+2,
1574.218800,1.86000000E+2,
1576.171900,1.81000000E+2,
1578.125000,1.73000000E+2,
1580.078100,1.80000000E+2,
1582.031300,1.67000000E+2,
1583.984400,1.75000000E+2,
1585.937500,1.94000000E+2,
1587.890600,1.84000000E+2,
1589.843800,1.92000000E+2,
1591.796900,1.61000000E+2,
1593.75000,1.80000000E+2,
1595.703100,1.56000000E+2,
1597.656300,1.71000000E+2,
1599.609400,1.81000000E+2,
1601.562500,1.80000000E+2,
1603.515600,1.71000000E+2,
1605.468800,1.77000000E+2,
1607.421900,2.11000000E+2,
1609.375000,2.00000000E+2,
1611.328100,1.62000000E+2,
1613.281300,1.77000000E+2,
1615.234400,1.57000000E+2,
1617.187500,1.69000000E+2,
1619.140600,1.68000000E+2,
1621.093800,1.88000000E+2,
1623.046900,1.72000000E+2,
1625.000,1.67000000E+2,
1626.953100,1.77000000E+2,
1628.906300,1.79000000E+2,
1630.859400,1.76000000E+2,
1632.812500,1.81000000E+2,
1634.765600,1.78000000E+2,
1636.718800,1.93000000E+2,
1638.671900,1.86000000E+2,
1640.625000,1.62000000E+2,
1642.578100,1.63000000E+2,
1644.531300,1.67000000E+2,
1646.484400,1.87000000E+2,
1648.437500,1.62000000E+2,
1650.390600,1.83000000E+2,
1652.343800,1.94000000E+2,
1654.296900,1.60000000E+2,
1656.25000,1.71000000E+2,
1658.203100,1.60000000E+2,
1660.156300,1.61000000E+2,
1662.109400,1.72000000E+2,
1664.062500,1.93000000E+2,
1666.015600,1.71000000E+2,
1667.968800,1.77000000E+2,
1669.921900,1.80000000E+2,
1671.875000,1.79000000E+2,
1673.828100,1.96000000E+2,
1675.781300,1.79000000E+2,
1677.734400,1.72000000E+2,
1679.687500,1.89000000E+2,
1681.640600,1.80000000E+2,
1683.593800,1.80000000E+2,
1685.546900,1.83000000E+2,
1687.5000,1.87000000E+2,
1689.453100,1.60000000E+2,
1691.406300,1.82000000E+2,
1693.359400,1.87000000E+2,
1695.312500,1.79000000E+2,
1697.265600,1.62000000E+2,
1699.218800,1.79000000E+2,
1701.171900,1.72000000E+2,
1703.125000,1.71000000E+2,
1705.078100,2.05000000E+2,
1707.031300,1.55000000E+2,
1708.984400,1.75000000E+2,
1710.937500,1.74000000E+2,
1712.890600,1.83000000E+2,
1714.843800,1.66000000E+2,
1716.796900,1.65000000E+2,
1718.75000,1.65000000E+2,
1720.703100,1.79000000E+2,
1722.656300,1.45000000E+2,
1724.609400,1.85000000E+2,
1726.562500,1.61000000E+2,
1728.515600,1.64000000E+2,
1730.468800,1.67000000E+2,
1732.421900,1.87000000E+2,
1734.375000,1.71000000E+2,
1736.328100,1.69000000E+2,
1738.281300,1.54000000E+2,
1740.234400,1.92000000E+2,
1742.187500,1.65000000E+2,
1744.140600,1.88000000E+2,
1746.093800,1.80000000E+2,
1748.046900,1.60000000E+2,
1750.00,1.65000000E+2,
1751.953100,1.98000000E+2,
1753.906300,1.86000000E+2,
1755.859400,1.56000000E+2,
1757.812500,1.70000000E+2,
1759.765600,1.75000000E+2,
1761.718800,1.58000000E+2,
1763.671900,1.72000000E+2,
1765.625000,1.81000000E+2,
1767.578100,1.69000000E+2,
1769.531300,1.61000000E+2,
1771.484400,1.62000000E+2,
1773.437500,1.80000000E+2,
1775.390600,1.70000000E+2,
1777.343800,1.62000000E+2,
1779.296900,1.94000000E+2,
1781.25000,1.49000000E+2,
1783.203100,1.59000000E+2,
1785.156300,1.82000000E+2,
1787.109400,1.80000000E+2,
1789.062500,1.68000000E+2,
1791.015600,1.75000000E+2,
1792.968800,1.59000000E+2,
1794.921900,1.64000000E+2,
1796.875000,1.56000000E+2,
1798.828100,1.63000000E+2,
1800.781300,1.48000000E+2,
1802.734400,1.94000000E+2,
1804.687500,1.67000000E+2,
1806.640600,1.64000000E+2,
1808.593800,1.72000000E+2,
1810.546900,1.72000000E+2,
1812.5000,1.59000000E+2,
1814.453100,1.74000000E+2,
1816.406300,1.87000000E+2,
1818.359400,2.07000000E+2,
1820.312500,1.67000000E+2,
1822.265600,1.66000000E+2,
1824.218800,1.78000000E+2,
1826.171900,1.76000000E+2,
1828.125000,1.77000000E+2,
1830.078100,1.55000000E+2,
1832.031300,1.60000000E+2,
1833.984400,1.56000000E+2,
1835.937500,1.58000000E+2,
1837.890600,1.81000000E+2,
1839.843800,1.68000000E+2,
1841.796900,1.75000000E+2,
1843.75000,1.92000000E+2,
1845.703100,1.70000000E+2,
1847.656300,1.73000000E+2,
1849.609400,1.64000000E+2,
1851.562500,1.85000000E+2,
1853.515600,1.53000000E+2,
1855.468800,1.83000000E+2,
1857.421900,1.59000000E+2,
1859.375000,1.71000000E+2,
1861.328100,1.84000000E+2,
1863.281300,1.81000000E+2,
1865.234400,1.67000000E+2,
1867.187500,1.73000000E+2,
1869.140600,1.65000000E+2,
1871.093800,1.81000000E+2,
1873.046900,1.68000000E+2,
1875.000,1.79000000E+2,
1876.953100,1.67000000E+2,
1878.906300,1.71000000E+2,
1880.859400,1.56000000E+2,
1882.812500,1.49000000E+2,
1884.765600,1.57000000E+2,
1886.718800,1.73000000E+2,
1888.671900,1.83000000E+2,
1890.625000,1.58000000E+2,
1892.578100,1.49000000E+2,
1894.531300,1.57000000E+2,
1896.484400,1.65000000E+2,
1898.437500,1.51000000E+2,
1900.390600,1.74000000E+2,
1902.343800,1.87000000E+2,
1904.296900,1.69000000E+2,
1906.25000,1.68000000E+2,
1908.203100,1.71000000E+2,
1910.156300,1.83000000E+2,
1912.109400,1.64000000E+2,
1914.062500,1.42000000E+2,
1916.015600,1.55000000E+2,
1917.968800,1.78000000E+2,
1919.921900,1.46000000E+2,
1921.875000,1.49000000E+2,
1923.828100,1.66000000E+2,
1925.781300,1.78000000E+2,
1927.734400,1.71000000E+2,
1929.687500,1.66000000E+2,
1931.640600,1.49000000E+2,
1933.593800,1.69000000E+2,
1935.546900,1.65000000E+2,
1937.5000,1.69000000E+2,
1939.453100,1.85000000E+2,
1941.406300,1.65000000E+2,
1943.359400,1.53000000E+2,
1945.312500,1.56000000E+2,
1947.265600,1.36000000E+2,
1949.218800,1.61000000E+2,
1951.171900,1.49000000E+2,
1953.125000,1.59000000E+2,
1955.078100,1.88000000E+2,
1957.031300,1.43000000E+2,
1958.984400,1.65000000E+2,
1960.937500,1.64000000E+2,
1962.890600,1.76000000E+2,
1964.843800,1.67000000E+2,
1966.796900,1.89000000E+2,
1968.75000,1.65000000E+2,
1970.703100,1.70000000E+2,
1972.656300,1.54000000E+2,
1974.609400,1.64000000E+2,
1976.562500,1.64000000E+2,
1978.515600,1.63000000E+2,
1980.468800,1.74000000E+2,
1982.421900,1.66000000E+2,
1984.375000,1.70000000E+2,
1986.328100,1.81000000E+2,
1988.281300,1.57000000E+2,
1990.234400,1.80000000E+2,
1992.187500,1.81000000E+2,
1994.140600,2.17000000E+2,
1996.093800,1.51000000E+2,
1998.046900,1.08000000E+2,
